taxonID,scientificName,taxonRank,threatStatus,scientific_std,matched_any,matched_grid10,matched_grid50
urn:lsid:dyntaxa.se:Taxon:100181,Aelia rostrata,species,CR,aelia rostrata,FALSE,FALSE,FALSE
urn:lsid:dyntaxa.se:Taxon:100225,Agriphila poliella,species,EN,agriphila poliella,FALSE,FALSE,FALSE
urn:lsid:dyntaxa.se:Taxon:19,Albatrellus cristatus,species,EN,albatrellus cristatus,FALSE,FALSE,FALSE
urn:lsid:dyntaxa.se:Taxon:100270,Ampedus suecicus,species,VU,ampedus suecicus,FALSE,FALSE,FALSE
urn:lsid:dyntaxa.se:Taxon:103096,Andrena batava,species,VU,andrena batava,FALSE,FALSE,FALSE
urn:lsid:dyntaxa.se:Taxon:103124,Andrena bluethgeni,species,EN,andrena bluethgeni,FALSE,FALSE,FALSE
urn:lsid:dyntaxa.se:Taxon:103125,Andrena morawitzi,species,CR,andrena morawitzi,FALSE,FALSE,FALSE
urn:lsid:dyntaxa.se:Taxon:102673,Andrena nigrospina,species,VU,andrena nigrospina,FALSE,FALSE,FALSE
urn:lsid:dyntaxa.se:Taxon:249109,Anthothela grandiflora,species,CR,anthothela grandiflora,FALSE,FALSE,FALSE
urn:lsid:dyntaxa.se:Taxon:1965,Antrodiella citrinella,species,CR,antrodiella citrinella,FALSE,FALSE,FALSE
urn:lsid:dyntaxa.se:Taxon:2047,Aporpium canescens,species,VU,aporpium canescens,FALSE,FALSE,FALSE
urn:lsid:dyntaxa.se:Taxon:100394,Arctophila bombiformis,species,CR,arctophila bombiformis,FALSE,FALSE,FALSE
urn:lsid:dyntaxa.se:Taxon:83,Arctophila fulva,species,VU,arctophila fulva,FALSE,FALSE,FALSE
urn:lsid:dyntaxa.se:Taxon:100977,Argynnis niobe,species,VU,argynnis niobe,FALSE,FALSE,FALSE
urn:lsid:dyntaxa.se:Taxon:100399,Aricia nicias,species,VU,aricia nicias,FALSE,FALSE,FALSE
urn:lsid:dyntaxa.se:Taxon:1767,Arthonia anombrophila,species,CR,arthonia anombrophila,FALSE,FALSE,FALSE
urn:lsid:dyntaxa.se:Taxon:234237,Ascidia prunum,species,VU,ascidia prunum,FALSE,FALSE,FALSE
urn:lsid:dyntaxa.se:Taxon:101324,Atheta inquinula,species,VU,atheta inquinula,FALSE,FALSE,FALSE
urn:lsid:dyntaxa.se:Taxon:102383,Athrips amoenellus,species,EN,athrips amoenellus,FALSE,FALSE,FALSE
urn:lsid:dyntaxa.se:Taxon:100433,Augasma aeratellum,species,EN,augasma aeratellum,FALSE,FALSE,FALSE
urn:lsid:dyntaxa.se:Taxon:121,Aurantiporus croceus,species,CR,aurantiporus croceus,FALSE,FALSE,FALSE
urn:lsid:dyntaxa.se:Taxon:1619,Aurantiporus fissilis,species,VU,aurantiporus fissilis,FALSE,FALSE,FALSE
urn:lsid:dyntaxa.se:Taxon:102885,Beraea maura,species,VU,beraea maura,FALSE,FALSE,FALSE
urn:lsid:dyntaxa.se:Taxon:200443,Blera eoa,species,EN,blera eoa,FALSE,FALSE,FALSE
urn:lsid:dyntaxa.se:Taxon:102396,Boloria improba,species,VU,boloria improba,FALSE,FALSE,FALSE
urn:lsid:dyntaxa.se:Taxon:102397,Boloria polaris,species,EN,boloria polaris,FALSE,FALSE,FALSE
urn:lsid:dyntaxa.se:Taxon:6001729,Borealea nobilis,species,VU,borealea nobilis,FALSE,FALSE,FALSE
urn:lsid:dyntaxa.se:Taxon:100513,Bryodema tuberculata,species,VU,bryodema tuberculata,FALSE,FALSE,FALSE
urn:lsid:dyntaxa.se:Taxon:233204,Bryum calophyllum,species,VU,bryum calophyllum,FALSE,FALSE,FALSE
urn:lsid:dyntaxa.se:Taxon:2308,Bryum cryophilum,species,VU,bryum cryophilum,FALSE,FALSE,FALSE
urn:lsid:dyntaxa.se:Taxon:195,Bryum funkii,species,EN,bryum funkii,FALSE,FALSE,FALSE
urn:lsid:dyntaxa.se:Taxon:2317,Bryum knowltonii,species,EN,bryum knowltonii,FALSE,FALSE,FALSE
urn:lsid:dyntaxa.se:Taxon:2296,Bryum marratii,species,EN,bryum marratii,FALSE,FALSE,FALSE
urn:lsid:dyntaxa.se:Taxon:204,Bryum turbinatum,species,VU,bryum turbinatum,FALSE,FALSE,FALSE
urn:lsid:dyntaxa.se:Taxon:233266,Bryum warneum,species,VU,bryum warneum,FALSE,FALSE,FALSE
urn:lsid:dyntaxa.se:Taxon:207,Bryum wrightii,species,EN,bryum wrightii,FALSE,FALSE,FALSE
urn:lsid:dyntaxa.se:Taxon:102797,Buccinum humphreysianum,species,VU,buccinum humphreysianum,FALSE,FALSE,FALSE
urn:lsid:dyntaxa.se:Taxon:214027,Bucculatrix ratisbonensis,species,VU,bucculatrix ratisbonensis,FALSE,FALSE,FALSE
urn:lsid:dyntaxa.se:Taxon:100022,Bufotes variabilis,species,VU,bufotes variabilis,FALSE,FALSE,FALSE
urn:lsid:dyntaxa.se:Taxon:100514,Bulgarica cana,species,VU,bulgarica cana,FALSE,FALSE,FALSE
urn:lsid:dyntaxa.se:Taxon:101591,Buszkoiana capnodactyla,species,VU,buszkoiana capnodactyla,FALSE,FALSE,FALSE
urn:lsid:dyntaxa.se:Taxon:200457,Caliprobola speciosa,species,EN,caliprobola speciosa,FALSE,FALSE,FALSE
urn:lsid:dyntaxa.se:Taxon:100534,Callisthenes reticulatus,species,EN,callisthenes reticulatus,FALSE,FALSE,FALSE
urn:lsid:dyntaxa.se:Taxon:225,Calogaya lobulata,species,CR,calogaya lobulata,FALSE,FALSE,FALSE
urn:lsid:dyntaxa.se:Taxon:228428,Caloplaca albolutescens,species,VU,caloplaca albolutescens,FALSE,FALSE,FALSE
urn:lsid:dyntaxa.se:Taxon:228401,Caloplaca atroalba,species,CR,caloplaca atroalba,FALSE,FALSE,FALSE
urn:lsid:dyntaxa.se:Taxon:228,Caloplaca ulcerosa,species,EN,caloplaca ulcerosa,FALSE,FALSE,FALSE
urn:lsid:dyntaxa.se:Taxon:100533,Calosoma auropunctatum,species,CR,calosoma auropunctatum,FALSE,FALSE,FALSE
urn:lsid:dyntaxa.se:Taxon:102489,Calyciphora albodactyla,species,VU,calyciphora albodactyla,FALSE,FALSE,FALSE
urn:lsid:dyntaxa.se:Taxon:236,Camarophyllopsis hymenocephala,species,VU,camarophyllopsis hymenocephala,FALSE,FALSE,FALSE
urn:lsid:dyntaxa.se:Taxon:259,Carex hartmanii,species,VU,carex hartmanii,FALSE,FALSE,FALSE
urn:lsid:dyntaxa.se:Taxon:100553,Caryocolum arenariellum,species,EN,caryocolum arenariellum,FALSE,FALSE,FALSE
urn:lsid:dyntaxa.se:Taxon:100550,Caryocolum cauligenellum,species,EN,caryocolum cauligenellum,FALSE,FALSE,FALSE
urn:lsid:dyntaxa.se:Taxon:214733,Caryocolum tischeriellum,species,VU,caryocolum tischeriellum,FALSE,FALSE,FALSE
urn:lsid:dyntaxa.se:Taxon:3238,Ceriporiopsis gilvescens,species,VU,ceriporiopsis gilvescens,FALSE,FALSE,FALSE
urn:lsid:dyntaxa.se:Taxon:318,Chaetoporellus curvisporus,species,VU,chaetoporellus curvisporus,FALSE,FALSE,FALSE
urn:lsid:dyntaxa.se:Taxon:332,Chara rudis,species,VU,chara rudis,FALSE,FALSE,FALSE
urn:lsid:dyntaxa.se:Taxon:100614,Chionodes violaceus,species,EN,chionodes violaceus,FALSE,FALSE,FALSE
urn:lsid:dyntaxa.se:Taxon:100624,Choerades igneus,species,VU,choerades igneus,FALSE,FALSE,FALSE
urn:lsid:dyntaxa.se:Taxon:100625,Choerades lapponicus,species,EN,choerades lapponicus,FALSE,FALSE,FALSE
urn:lsid:dyntaxa.se:Taxon:100635,Chrysoclista linneella,species,VU,chrysoclista linneella,FALSE,FALSE,FALSE
urn:lsid:dyntaxa.se:Taxon:1267,Cladomeris umbellata,species,VU,cladomeris umbellata,FALSE,FALSE,FALSE
urn:lsid:dyntaxa.se:Taxon:355,Cladonia polycarpoides,species,VU,cladonia polycarpoides,FALSE,FALSE,FALSE
urn:lsid:dyntaxa.se:Taxon:357,Clavaria asperulispora/atrofusca,speciesAggregate,VU,clavaria asperulispora/atrofusca,FALSE,FALSE,FALSE
urn:lsid:dyntaxa.se:Taxon:234261,Cnemidocarpa devia,species,VU,cnemidocarpa devia,FALSE,FALSE,FALSE
urn:lsid:dyntaxa.se:Taxon:234258,Cnemidocarpa mollispina,species,VU,cnemidocarpa mollispina,FALSE,FALSE,FALSE
urn:lsid:dyntaxa.se:Taxon:243671,Cochliarium cuneiventris,species,VU,cochliarium cuneiventris,FALSE,FALSE,FALSE
urn:lsid:dyntaxa.se:Taxon:100687,Coleophora albella,species,EN,coleophora albella,FALSE,FALSE,FALSE
urn:lsid:dyntaxa.se:Taxon:102405,Coleophora hackmani,species,VU,coleophora hackmani,FALSE,FALSE,FALSE
urn:lsid:dyntaxa.se:Taxon:214550,Coleophora nutantella,species,VU,coleophora nutantella,FALSE,FALSE,FALSE
urn:lsid:dyntaxa.se:Taxon:100695,Coleophora solitariella,species,VU,coleophora solitariella,FALSE,FALSE,FALSE
urn:lsid:dyntaxa.se:Taxon:100310,Cordicollis gracilis,species,VU,cordicollis gracilis,FALSE,FALSE,FALSE
urn:lsid:dyntaxa.se:Taxon:248948,Cortinarius albertii,species,EN,cortinarius albertii,FALSE,FALSE,FALSE
urn:lsid:dyntaxa.se:Taxon:1977,Cortinarius alcalinophilus,species,VU,cortinarius alcalinophilus,FALSE,FALSE,FALSE
urn:lsid:dyntaxa.se:Taxon:249244,Cortinarius aquilanus,species,VU,cortinarius aquilanus,FALSE,FALSE,FALSE
urn:lsid:dyntaxa.se:Taxon:423,Cortinarius arcuatorum,species,VU,cortinarius arcuatorum,FALSE,FALSE,FALSE
urn:lsid:dyntaxa.se:Taxon:1978,Cortinarius argenteolilacinus,species,VU,cortinarius argenteolilacinus,FALSE,FALSE,FALSE
urn:lsid:dyntaxa.se:Taxon:424,Cortinarius atrovirens,species,VU,cortinarius atrovirens,FALSE,FALSE,FALSE
urn:lsid:dyntaxa.se:Taxon:248951,Cortinarius aureocalceolatus,species,VU,cortinarius aureocalceolatus,FALSE,FALSE,FALSE
urn:lsid:dyntaxa.se:Taxon:426,Cortinarius aureofulvus,species,VU,cortinarius aureofulvus,FALSE,FALSE,FALSE
urn:lsid:dyntaxa.se:Taxon:248952,Cortinarius barbaricus,species,VU,cortinarius barbaricus,FALSE,FALSE,FALSE
urn:lsid:dyntaxa.se:Taxon:3561,Cortinarius borgsjoeensis,species,VU,cortinarius borgsjoeensis,FALSE,FALSE,FALSE
urn:lsid:dyntaxa.se:Taxon:3567,Cortinarius caesiocinctus s. lat.,speciesAggregate,VU,cortinarius caesiocinctus,FALSE,FALSE,FALSE
urn:lsid:dyntaxa.se:Taxon:434,Cortinarius caesiocortinatus,species,VU,cortinarius caesiocortinatus,FALSE,FALSE,FALSE
urn:lsid:dyntaxa.se:Taxon:1979,Cortinarius camptoros,species,EN,cortinarius camptoros,FALSE,FALSE,FALSE
urn:lsid:dyntaxa.se:Taxon:248954,Cortinarius catharinae,species,VU,cortinarius catharinae,FALSE,FALSE,FALSE
urn:lsid:dyntaxa.se:Taxon:248930,Cortinarius cedretorum,species,VU,cortinarius cedretorum,FALSE,FALSE,FALSE
urn:lsid:dyntaxa.se:Taxon:249248,Cortinarius citrinoolivaceus,species,EN,cortinarius citrinoolivaceus,FALSE,FALSE,FALSE
urn:lsid:dyntaxa.se:Taxon:431,Cortinarius coerulescentium,species,VU,cortinarius coerulescentium,FALSE,FALSE,FALSE
urn:lsid:dyntaxa.se:Taxon:442,Cortinarius corrosus,species,VU,cortinarius corrosus,FALSE,FALSE,FALSE
urn:lsid:dyntaxa.se:Taxon:249241,Cortinarius cruentipellis,species,VU,cortinarius cruentipellis,FALSE,FALSE,FALSE
urn:lsid:dyntaxa.se:Taxon:445,Cortinarius cupreorufus,species,VU,cortinarius cupreorufus,FALSE,FALSE,FALSE
urn:lsid:dyntaxa.se:Taxon:3595,Cortinarius dalecarlicus,species,VU,cortinarius dalecarlicus,FALSE,FALSE,FALSE
urn:lsid:dyntaxa.se:Taxon:447,Cortinarius elegantissimus,species,VU,cortinarius elegantissimus,FALSE,FALSE,FALSE
urn:lsid:dyntaxa.se:Taxon:470,Cortinarius eucaeruleus,species,VU,cortinarius eucaeruleus,FALSE,FALSE,FALSE
urn:lsid:dyntaxa.se:Taxon:448,Cortinarius flavovirens,species,VU,cortinarius flavovirens,FALSE,FALSE,FALSE
urn:lsid:dyntaxa.se:Taxon:1984,Cortinarius fulvocitrinus,species,VU,cortinarius fulvocitrinus,FALSE,FALSE,FALSE
urn:lsid:dyntaxa.se:Taxon:248935,Cortinarius humolens,species,EN,cortinarius humolens,FALSE,FALSE,FALSE
urn:lsid:dyntaxa.se:Taxon:3637,Cortinarius inexspectatus,species,VU,cortinarius inexspectatus,FALSE,FALSE,FALSE
urn:lsid:dyntaxa.se:Taxon:249240,Cortinarius langeorum,species,VU,cortinarius langeorum,FALSE,FALSE,FALSE
urn:lsid:dyntaxa.se:Taxon:3569,Cortinarius luhmannii,species,VU,cortinarius luhmannii,FALSE,FALSE,FALSE
urn:lsid:dyntaxa.se:Taxon:249246,Cortinarius majoranae,species,EN,cortinarius majoranae,FALSE,FALSE,FALSE
urn:lsid:dyntaxa.se:Taxon:248955,Cortinarius metarius,species,VU,cortinarius metarius,FALSE,FALSE,FALSE
urn:lsid:dyntaxa.se:Taxon:248944,Cortinarius molochinus,species,VU,cortinarius molochinus,FALSE,FALSE,FALSE
urn:lsid:dyntaxa.se:Taxon:248940,Cortinarius moënne-loccozii,species,EN,cortinarius moënne-loccozii,FALSE,FALSE,FALSE
urn:lsid:dyntaxa.se:Taxon:6003296,Cortinarius mussivus,species,VU,cortinarius mussivus,FALSE,FALSE,FALSE
urn:lsid:dyntaxa.se:Taxon:3668,Cortinarius norrlandicus,species,VU,cortinarius norrlandicus,FALSE,FALSE,FALSE
urn:lsid:dyntaxa.se:Taxon:249261,Cortinarius obsoletus,species,VU,cortinarius obsoletus,FALSE,FALSE,FALSE
urn:lsid:dyntaxa.se:Taxon:1987,Cortinarius odoratus,species,EN,cortinarius odoratus,FALSE,FALSE,FALSE
urn:lsid:dyntaxa.se:Taxon:249236,Cortinarius osmophorus,species,VU,cortinarius osmophorus,FALSE,FALSE,FALSE
urn:lsid:dyntaxa.se:Taxon:6037433,Cortinarius parasuaveolens,species,EN,cortinarius parasuaveolens,FALSE,FALSE,FALSE
urn:lsid:dyntaxa.se:Taxon:3689,Cortinarius pini,species,VU,cortinarius pini,FALSE,FALSE,FALSE
urn:lsid:dyntaxa.se:Taxon:248958,Cortinarius platypus,species,VU,cortinarius platypus,FALSE,FALSE,FALSE
urn:lsid:dyntaxa.se:Taxon:1990,Cortinarius prasinocyaneus,species,EN,cortinarius prasinocyaneus,FALSE,FALSE,FALSE
urn:lsid:dyntaxa.se:Taxon:461,Cortinarius prasinus,species,EN,cortinarius prasinus,FALSE,FALSE,FALSE
urn:lsid:dyntaxa.se:Taxon:3599,Cortinarius pseudoarcuatorum,species,VU,cortinarius pseudoarcuatorum,FALSE,FALSE,FALSE
urn:lsid:dyntaxa.se:Taxon:1991,Cortinarius pseudovulpinus,species,EN,cortinarius pseudovulpinus,FALSE,FALSE,FALSE
urn:lsid:dyntaxa.se:Taxon:1992,Cortinarius quercilicis,species,VU,cortinarius quercilicis,FALSE,FALSE,FALSE
urn:lsid:dyntaxa.se:Taxon:249237,Cortinarius rapaceotomentosus,species,VU,cortinarius rapaceotomentosus,FALSE,FALSE,FALSE
urn:lsid:dyntaxa.se:Taxon:249243,Cortinarius rhizophorus,species,VU,cortinarius rhizophorus,FALSE,FALSE,FALSE
urn:lsid:dyntaxa.se:Taxon:467,Cortinarius russus,species,VU,cortinarius russus,FALSE,FALSE,FALSE
urn:lsid:dyntaxa.se:Taxon:1993,Cortinarius saporatus,species,EN,cortinarius saporatus,FALSE,FALSE,FALSE
urn:lsid:dyntaxa.se:Taxon:248950,Cortinarius selandicus,species,VU,cortinarius selandicus,FALSE,FALSE,FALSE
urn:lsid:dyntaxa.se:Taxon:3721,Cortinarius serarius,species,VU,cortinarius serarius,FALSE,FALSE,FALSE
urn:lsid:dyntaxa.se:Taxon:3727,Cortinarius spectabilis,species,VU,cortinarius spectabilis,FALSE,FALSE,FALSE
urn:lsid:dyntaxa.se:Taxon:3729,Cortinarius splendens,species,VU,cortinarius splendens,FALSE,FALSE,FALSE
urn:lsid:dyntaxa.se:Taxon:1995,Cortinarius suaveolens,species,EN,cortinarius suaveolens,FALSE,FALSE,FALSE
urn:lsid:dyntaxa.se:Taxon:248939,Cortinarius terpsichores,species,VU,cortinarius terpsichores,FALSE,FALSE,FALSE
urn:lsid:dyntaxa.se:Taxon:1996,Cortinarius variiformis,species,VU,cortinarius variiformis,FALSE,FALSE,FALSE
urn:lsid:dyntaxa.se:Taxon:248959,Cortinarius vesterholtii,species,EN,cortinarius vesterholtii,FALSE,FALSE,FALSE
urn:lsid:dyntaxa.se:Taxon:248943,Cortinarius violaceipes,species,CR,cortinarius violaceipes,FALSE,FALSE,FALSE
urn:lsid:dyntaxa.se:Taxon:3767,Cortinarius violaceomaculatus,species,VU,cortinarius violaceomaculatus,FALSE,FALSE,FALSE
urn:lsid:dyntaxa.se:Taxon:249245,Cortinarius xantho-ochraceus,species,VU,cortinarius xantho-ochraceus,FALSE,FALSE,FALSE
urn:lsid:dyntaxa.se:Taxon:1997,Cortinarius xanthochlorus,species,EN,cortinarius xanthochlorus,FALSE,FALSE,FALSE
urn:lsid:dyntaxa.se:Taxon:3770,Cortinarius xanthophyllus,species,VU,cortinarius xanthophyllus,FALSE,FALSE,FALSE
urn:lsid:dyntaxa.se:Taxon:248933,Cortinarius xanthosuavis,species,EN,cortinarius xanthosuavis,FALSE,FALSE,FALSE
urn:lsid:dyntaxa.se:Taxon:1874,Cotoneaster kullensis,species,VU,cotoneaster kullensis,FALSE,FALSE,FALSE
urn:lsid:dyntaxa.se:Taxon:511,Crustomyces subabruptus,species,VU,crustomyces subabruptus,FALSE,FALSE,FALSE
urn:lsid:dyntaxa.se:Taxon:100768,Cucullia scrophulariae,species,VU,cucullia scrophulariae,FALSE,FALSE,FALSE
urn:lsid:dyntaxa.se:Taxon:239219,Cuphophyllus hygrocyboides,species,VU,cuphophyllus hygrocyboides,FALSE,FALSE,FALSE
urn:lsid:dyntaxa.se:Taxon:807,Cuphophyllus radiatus,species,VU,cuphophyllus radiatus,FALSE,FALSE,FALSE
urn:lsid:dyntaxa.se:Taxon:3841,Dacrymyces enatus,species,EN,dacrymyces enatus,FALSE,FALSE,FALSE
urn:lsid:dyntaxa.se:Taxon:224698,Dactylis polygama,species,EN,dactylis polygama,FALSE,FALSE,FALSE
urn:lsid:dyntaxa.se:Taxon:100327,Dactylotula kinkerella,species,CR,dactylotula kinkerella,FALSE,FALSE,FALSE
urn:lsid:dyntaxa.se:Taxon:100824,Dichomeris limosella,species,VU,dichomeris limosella,FALSE,FALSE,FALSE
urn:lsid:dyntaxa.se:Taxon:534,Dicranella riparia,species,VU,dicranella riparia,FALSE,FALSE,FALSE
urn:lsid:dyntaxa.se:Taxon:542,Didymodon asperifolius,species,EN,didymodon asperifolius,FALSE,FALSE,FALSE
urn:lsid:dyntaxa.se:Taxon:546,Didymodon sinuosus,species,EN,didymodon sinuosus,FALSE,FALSE,FALSE
urn:lsid:dyntaxa.se:Taxon:547,Didymodon spadiceus,species,VU,didymodon spadiceus,FALSE,FALSE,FALSE
urn:lsid:dyntaxa.se:Taxon:102421,Digitivalva arnicella,species,VU,digitivalva arnicella,FALSE,FALSE,FALSE
urn:lsid:dyntaxa.se:Taxon:102422,Digitivalva valeriella,species,CR,digitivalva valeriella,FALSE,FALSE,FALSE
urn:lsid:dyntaxa.se:Taxon:218137,Doto cuspidata,species,VU,doto cuspidata,FALSE,FALSE,FALSE
urn:lsid:dyntaxa.se:Taxon:218140,Doto tuberculata,species,VU,doto tuberculata,FALSE,FALSE,FALSE
urn:lsid:dyntaxa.se:Taxon:574,Elaphomyces striatosporus,species,VU,elaphomyces striatosporus,FALSE,FALSE,FALSE
urn:lsid:dyntaxa.se:Taxon:215256,Epermenia falciformis,species,VU,epermenia falciformis,FALSE,FALSE,FALSE
urn:lsid:dyntaxa.se:Taxon:618,Ephemerum sessile,species,VU,ephemerum sessile,FALSE,FALSE,FALSE
urn:lsid:dyntaxa.se:Taxon:100793,Epicallima formosella,species,CR,epicallima formosella,FALSE,FALSE,FALSE
urn:lsid:dyntaxa.se:Taxon:102437,Eteobalea tririvella,species,CR,eteobalea tririvella,FALSE,FALSE,FALSE
urn:lsid:dyntaxa.se:Taxon:100969,Evagetes gibbulus,species,CR,evagetes gibbulus,FALSE,FALSE,FALSE
urn:lsid:dyntaxa.se:Taxon:6033040,Fjordia chriskaugei,species,VU,fjordia chriskaugei,FALSE,FALSE,FALSE
urn:lsid:dyntaxa.se:Taxon:2006,Floccularia rickenii,species,EN,floccularia rickenii,FALSE,FALSE,FALSE
urn:lsid:dyntaxa.se:Taxon:250285,Frantisekia mentschulensis,species,EN,frantisekia mentschulensis,FALSE,FALSE,FALSE
urn:lsid:dyntaxa.se:Taxon:417,Funalia gallica,species,EN,funalia gallica,FALSE,FALSE,FALSE
urn:lsid:dyntaxa.se:Taxon:1578,Funalia trogii,species,CR,funalia trogii,FALSE,FALSE,FALSE
urn:lsid:dyntaxa.se:Taxon:251350,Gasteruption minutum,species,VU,gasteruption minutum,FALSE,FALSE,FALSE
urn:lsid:dyntaxa.se:Taxon:686,Geastrum pseudolimbatum,species,VU,geastrum pseudolimbatum,FALSE,FALSE,FALSE
urn:lsid:dyntaxa.se:Taxon:2011,Geoglossum littorale,species,VU,geoglossum littorale,FALSE,FALSE,FALSE
urn:lsid:dyntaxa.se:Taxon:102446,Gnorimoschema herbichi,species,VU,gnorimoschema herbichi,FALSE,FALSE,FALSE
urn:lsid:dyntaxa.se:Taxon:101001,Gnorimoschema valesiellum,species,VU,gnorimoschema valesiellum,FALSE,FALSE,FALSE
urn:lsid:dyntaxa.se:Taxon:2013,Griseoporia carbonaria,species,EN,griseoporia carbonaria,FALSE,FALSE,FALSE
urn:lsid:dyntaxa.se:Taxon:218153,Gulenia borealis,species,VU,gulenia borealis,FALSE,FALSE,FALSE
urn:lsid:dyntaxa.se:Taxon:6033041,Gulenia monicae,species,VU,gulenia monicae,FALSE,FALSE,FALSE
urn:lsid:dyntaxa.se:Taxon:1144,Gyalecta carneola,species,VU,gyalecta carneola,FALSE,FALSE,FALSE
urn:lsid:dyntaxa.se:Taxon:1185,Gyalecta hypoleuca,species,EN,gyalecta hypoleuca,FALSE,FALSE,FALSE
urn:lsid:dyntaxa.se:Taxon:747,Gypsophila muralis,species,EN,gypsophila muralis,FALSE,FALSE,FALSE
urn:lsid:dyntaxa.se:Taxon:556,Gyromitra fastigiata,species,EN,gyromitra fastigiata,FALSE,FALSE,FALSE
urn:lsid:dyntaxa.se:Taxon:102681,Halictus quadricinctus,species,CR,halictus quadricinctus,FALSE,FALSE,FALSE
urn:lsid:dyntaxa.se:Taxon:217847,Halipteris finmarchica,species,VU,halipteris finmarchica,FALSE,FALSE,FALSE
urn:lsid:dyntaxa.se:Taxon:6040095,"Hamatocaulis vernicosus, southern cryptic species",unranked,VU,"hamatocaulis vernicosus, southern cryptic species",FALSE,FALSE,FALSE
urn:lsid:dyntaxa.se:Taxon:101059,Helophorus redtenbacheri,species,VU,helophorus redtenbacheri,FALSE,FALSE,FALSE
urn:lsid:dyntaxa.se:Taxon:101072,Heterocordylus leptocerus,species,VU,heterocordylus leptocerus,FALSE,FALSE,FALSE
urn:lsid:dyntaxa.se:Taxon:231480,Hieracium acidotum,species,VU,hieracium acidotum,FALSE,FALSE,FALSE
urn:lsid:dyntaxa.se:Taxon:231222,Hieracium cacuminatum,species,EN,hieracium cacuminatum,FALSE,FALSE,FALSE
urn:lsid:dyntaxa.se:Taxon:231582,Hieracium carcarophyllum,species,EN,hieracium carcarophyllum,FALSE,FALSE,FALSE
urn:lsid:dyntaxa.se:Taxon:231278,Hieracium femsioënse,species,CR,hieracium femsioënse,FALSE,FALSE,FALSE
urn:lsid:dyntaxa.se:Taxon:251462,Hieracium gracilifrons,species,VU,hieracium gracilifrons,FALSE,FALSE,FALSE
urn:lsid:dyntaxa.se:Taxon:231705,Hieracium haboënse,species,EN,hieracium haboënse,FALSE,FALSE,FALSE
urn:lsid:dyntaxa.se:Taxon:231708,Hieracium hastato-ovatum,species,EN,hieracium hastato-ovatum,FALSE,FALSE,FALSE
urn:lsid:dyntaxa.se:Taxon:251308,Hieracium helenae,species,EN,hieracium helenae,FALSE,FALSE,FALSE
urn:lsid:dyntaxa.se:Taxon:251310,Hieracium imbricatum,species,EN,hieracium imbricatum,FALSE,FALSE,FALSE
urn:lsid:dyntaxa.se:Taxon:231306,Hieracium kemiticum,species,VU,hieracium kemiticum,FALSE,FALSE,FALSE
urn:lsid:dyntaxa.se:Taxon:231780,Hieracium maculosiforme,species,EN,hieracium maculosiforme,FALSE,FALSE,FALSE
urn:lsid:dyntaxa.se:Taxon:267089,Hieracium marginelliceps,species,EN,hieracium marginelliceps,FALSE,FALSE,FALSE
urn:lsid:dyntaxa.se:Taxon:266122,Hieracium oreades,species,EN,hieracium oreades,FALSE,FALSE,FALSE
urn:lsid:dyntaxa.se:Taxon:231911,Hieracium planifrons,species,EN,hieracium planifrons,FALSE,FALSE,FALSE
urn:lsid:dyntaxa.se:Taxon:251811,Hieracium praviforme,species,VU,hieracium praviforme,FALSE,FALSE,FALSE
urn:lsid:dyntaxa.se:Taxon:266133,Hieracium pseudonosmoides,species,EN,hieracium pseudonosmoides,FALSE,FALSE,FALSE
urn:lsid:dyntaxa.se:Taxon:231968,Hieracium pycnodon,species,EN,hieracium pycnodon,FALSE,FALSE,FALSE
urn:lsid:dyntaxa.se:Taxon:231978,Hieracium remanentiforme,species,EN,hieracium remanentiforme,FALSE,FALSE,FALSE
urn:lsid:dyntaxa.se:Taxon:232001,Hieracium silboënse,species,VU,hieracium silboënse,FALSE,FALSE,FALSE
urn:lsid:dyntaxa.se:Taxon:267059,Hieracium subaustrinum,species,VU,hieracium subaustrinum,FALSE,FALSE,FALSE
urn:lsid:dyntaxa.se:Taxon:231454,Hieracium toerense,species,CR,hieracium toerense,FALSE,FALSE,FALSE
urn:lsid:dyntaxa.se:Taxon:101078,Holcopogon bubulcellus,species,EN,holcopogon bubulcellus,FALSE,FALSE,FALSE
urn:lsid:dyntaxa.se:Taxon:2725,Hygrohypnum cochlearifolium,species,VU,hygrohypnum cochlearifolium,FALSE,FALSE,FALSE
urn:lsid:dyntaxa.se:Taxon:813,Hygrohypnum norvegicum,species,VU,hygrohypnum norvegicum,FALSE,FALSE,FALSE
urn:lsid:dyntaxa.se:Taxon:815,Hygrohypnum subeugyrium,species,VU,hygrohypnum subeugyrium,FALSE,FALSE,FALSE
urn:lsid:dyntaxa.se:Taxon:820,Hygrophorus calophyllus,species,EN,hygrophorus calophyllus,FALSE,FALSE,FALSE
urn:lsid:dyntaxa.se:Taxon:822,Hygrophorus gliocyclus,species,VU,hygrophorus gliocyclus,FALSE,FALSE,FALSE
urn:lsid:dyntaxa.se:Taxon:827,Hygrophorus poëtarum,species,VU,hygrophorus poëtarum,FALSE,FALSE,FALSE
urn:lsid:dyntaxa.se:Taxon:4427,Hymenochaetopsis corrugata,species,VU,hymenochaetopsis corrugata,FALSE,FALSE,FALSE
urn:lsid:dyntaxa.se:Taxon:101110,Hymenophorus doublieri,species,EN,hymenophorus doublieri,FALSE,FALSE,FALSE
urn:lsid:dyntaxa.se:Taxon:860,Hypochnicium cymosum,species,VU,hypochnicium cymosum,FALSE,FALSE,FALSE
urn:lsid:dyntaxa.se:Taxon:232623,Hypoglossum hypoglossoides,species,VU,hypoglossum hypoglossoides,FALSE,FALSE,FALSE
urn:lsid:dyntaxa.se:Taxon:101130,Hypulus bifasciatus,species,VU,hypulus bifasciatus,FALSE,FALSE,FALSE
urn:lsid:dyntaxa.se:Taxon:890,Isopterygiopsis alpicola,species,EN,isopterygiopsis alpicola,FALSE,FALSE,FALSE
urn:lsid:dyntaxa.se:Taxon:102285,Isorhipis marmottani,species,VU,isorhipis marmottani,FALSE,FALSE,FALSE
urn:lsid:dyntaxa.se:Taxon:846,Kneiffiella alienata,species,VU,kneiffiella alienata,FALSE,FALSE,FALSE
urn:lsid:dyntaxa.se:Taxon:106461,Kyklioacalles roboris,species,VU,kyklioacalles roboris,FALSE,FALSE,FALSE
urn:lsid:dyntaxa.se:Taxon:233218,Lampronia standfussiella,species,VU,lampronia standfussiella,FALSE,FALSE,FALSE
urn:lsid:dyntaxa.se:Taxon:249167,Leptothorax goesswaldi,species,EN,leptothorax goesswaldi,FALSE,FALSE,FALSE
urn:lsid:dyntaxa.se:Taxon:102515,Levipalpus hepatariella,species,VU,levipalpus hepatariella,FALSE,FALSE,FALSE
urn:lsid:dyntaxa.se:Taxon:101212,Limenitis camilla,species,EN,limenitis camilla,FALSE,FALSE,FALSE
urn:lsid:dyntaxa.se:Taxon:983,Lobaria amplissima,species,CR,lobaria amplissima,FALSE,FALSE,FALSE
urn:lsid:dyntaxa.se:Taxon:986,Lobaria virens,species,EN,lobaria virens,FALSE,FALSE,FALSE
urn:lsid:dyntaxa.se:Taxon:217890,Lophelia pertusa,species,CR,lophelia pertusa,FALSE,FALSE,FALSE
urn:lsid:dyntaxa.se:Taxon:101245,Loricula ruficeps,species,EN,loricula ruficeps,FALSE,FALSE,FALSE
urn:lsid:dyntaxa.se:Taxon:101248,Lycaena helle,species,EN,lycaena helle,FALSE,FALSE,FALSE
urn:lsid:dyntaxa.se:Taxon:250110,Lycoperdon radicatum,species,EN,lycoperdon radicatum,FALSE,FALSE,FALSE
urn:lsid:dyntaxa.se:Taxon:552,Lycopodium tristachyum,species,VU,lycopodium tristachyum,FALSE,FALSE,FALSE
urn:lsid:dyntaxa.se:Taxon:221940,Lycopodium zeilleri,species,VU,lycopodium zeilleri,FALSE,FALSE,FALSE
urn:lsid:dyntaxa.se:Taxon:102093,Machimus arthriticus,species,VU,machimus arthriticus,FALSE,FALSE,FALSE
urn:lsid:dyntaxa.se:Taxon:575,Macowanites candidus,species,VU,macowanites candidus,FALSE,FALSE,FALSE
urn:lsid:dyntaxa.se:Taxon:101300,Melitaea britomartis,species,CR,melitaea britomartis,FALSE,FALSE,FALSE
urn:lsid:dyntaxa.se:Taxon:1038,Mentha × gracilis,species,EN,mentha × gracilis,FALSE,FALSE,FALSE
urn:lsid:dyntaxa.se:Taxon:100186,Microporus nigrita,species,VU,microporus nigrita,FALSE,FALSE,FALSE
urn:lsid:dyntaxa.se:Taxon:240282,Microsania vrydaghi,species,VU,microsania vrydaghi,FALSE,FALSE,FALSE
urn:lsid:dyntaxa.se:Taxon:1063,Moelleropsis nebulosa,species,EN,moelleropsis nebulosa,FALSE,FALSE,FALSE
urn:lsid:dyntaxa.se:Taxon:101341,Monochamus sartor,species,EN,monochamus sartor,FALSE,FALSE,FALSE
urn:lsid:dyntaxa.se:Taxon:102467,Nemapogon falstriellus,species,VU,nemapogon falstriellus,FALSE,FALSE,FALSE
urn:lsid:dyntaxa.se:Taxon:102468,Nemapogon fungivorellus,species,VU,nemapogon fungivorellus,FALSE,FALSE,FALSE
urn:lsid:dyntaxa.se:Taxon:264893,Nemapogon gliriellus,species,EN,nemapogon gliriellus,FALSE,FALSE,FALSE
urn:lsid:dyntaxa.se:Taxon:101381,Nematopogon adansoniellus,species,VU,nematopogon adansoniellus,FALSE,FALSE,FALSE
urn:lsid:dyntaxa.se:Taxon:800,Neohygrocybe ingrata,species,VU,neohygrocybe ingrata,FALSE,FALSE,FALSE
urn:lsid:dyntaxa.se:Taxon:250096,Odoria alborubescens,species,EN,odoria alborubescens,FALSE,FALSE,FALSE
urn:lsid:dyntaxa.se:Taxon:6040048,Ophion dispar,species,VU,ophion dispar,FALSE,FALSE,FALSE
urn:lsid:dyntaxa.se:Taxon:6011206,Ophion forticornis,species,EN,ophion forticornis,FALSE,FALSE,FALSE
urn:lsid:dyntaxa.se:Taxon:244701,Ornatoscalpellum stroemi,species,VU,ornatoscalpellum stroemi,FALSE,FALSE,FALSE
urn:lsid:dyntaxa.se:Taxon:1128,Orobanche purpurea,species,CR,orobanche purpurea,FALSE,FALSE,FALSE
urn:lsid:dyntaxa.se:Taxon:714,Osmoporus protractus,species,VU,osmoporus protractus,FALSE,FALSE,FALSE
urn:lsid:dyntaxa.se:Taxon:234367,Oxybelus latidens,species,CR,oxybelus latidens,FALSE,FALSE,FALSE
urn:lsid:dyntaxa.se:Taxon:218156,Paracoryphella parva,species,CR,paracoryphella parva,FALSE,FALSE,FALSE
urn:lsid:dyntaxa.se:Taxon:217837,Paramuricea placomus,species,EN,paramuricea placomus,FALSE,FALSE,FALSE
urn:lsid:dyntaxa.se:Taxon:102532,Pelecocera lusitanica,species,VU,pelecocera lusitanica,FALSE,FALSE,FALSE
urn:lsid:dyntaxa.se:Taxon:101570,Pelenomus olssoni,species,VU,pelenomus olssoni,FALSE,FALSE,FALSE
urn:lsid:dyntaxa.se:Taxon:1110,Pelloporus triqueter,species,EN,pelloporus triqueter,FALSE,FALSE,FALSE
urn:lsid:dyntaxa.se:Taxon:101523,Pemphredon fennica,species,EN,pemphredon fennica,FALSE,FALSE,FALSE
urn:lsid:dyntaxa.se:Taxon:220207,Pentanema conyzae,species,EN,pentanema conyzae,FALSE,FALSE,FALSE
urn:lsid:dyntaxa.se:Taxon:101524,Pentanota meuseli,species,VU,pentanota meuseli,FALSE,FALSE,FALSE
urn:lsid:dyntaxa.se:Taxon:1176,Perenniporia fraxinea,species,CR,perenniporia fraxinea,FALSE,FALSE,FALSE
urn:lsid:dyntaxa.se:Taxon:1179,Perenniporia subacida,species,VU,perenniporia subacida,FALSE,FALSE,FALSE
urn:lsid:dyntaxa.se:Taxon:101529,Peritrechus lundii,species,EN,peritrechus lundii,FALSE,FALSE,FALSE
urn:lsid:dyntaxa.se:Taxon:1188,Peucedanum oreoselinum,species,VU,peucedanum oreoselinum,FALSE,FALSE,FALSE
urn:lsid:dyntaxa.se:Taxon:101444,Phiaris heinrichana,species,VU,phiaris heinrichana,FALSE,FALSE,FALSE
urn:lsid:dyntaxa.se:Taxon:218112,Philine punctata,species,EN,philine punctata,FALSE,FALSE,FALSE
urn:lsid:dyntaxa.se:Taxon:1209,Phlebia centrifuga,species,VU,phlebia centrifuga,FALSE,FALSE,FALSE
urn:lsid:dyntaxa.se:Taxon:1217,Phlebia lindtneri,species,VU,phlebia lindtneri,FALSE,FALSE,FALSE
urn:lsid:dyntaxa.se:Taxon:101562,Phyllonorycter staintoniellus,species,CR,phyllonorycter staintoniellus,FALSE,FALSE,FALSE
urn:lsid:dyntaxa.se:Taxon:101575,Pilemostoma fastuosum,species,VU,pilemostoma fastuosum,FALSE,FALSE,FALSE
urn:lsid:dyntaxa.se:Taxon:1240,Piloporia sajanensis,species,EN,piloporia sajanensis,FALSE,FALSE,FALSE
urn:lsid:dyntaxa.se:Taxon:1251,Pleuridium palustre,species,EN,pleuridium palustre,FALSE,FALSE,FALSE
urn:lsid:dyntaxa.se:Taxon:101566,Poecilium pusillum,species,VU,poecilium pusillum,FALSE,FALSE,FALSE
urn:lsid:dyntaxa.se:Taxon:1258,Poeltinula interjecta,species,CR,poeltinula interjecta,FALSE,FALSE,FALSE
urn:lsid:dyntaxa.se:Taxon:1824,Porina leptalea,species,VU,porina leptalea,FALSE,FALSE,FALSE
urn:lsid:dyntaxa.se:Taxon:1279,Porpoloma metapodium,species,VU,porpoloma metapodium,FALSE,FALSE,FALSE
urn:lsid:dyntaxa.se:Taxon:1280,Porpoloma pes-caprae,species,EN,porpoloma pes-caprae,FALSE,FALSE,FALSE
urn:lsid:dyntaxa.se:Taxon:1100,Postia floriformis,species,VU,postia floriformis,FALSE,FALSE,FALSE
urn:lsid:dyntaxa.se:Taxon:5260,Postia lateritia,species,VU,postia lateritia,FALSE,FALSE,FALSE
urn:lsid:dyntaxa.se:Taxon:1290,Protobryum bryoides,species,VU,protobryum bryoides,FALSE,FALSE,FALSE
urn:lsid:dyntaxa.se:Taxon:102641,Pseudochrysis neglecta,species,VU,pseudochrysis neglecta,FALSE,FALSE,FALSE
urn:lsid:dyntaxa.se:Taxon:233598,Pseudocuma similis,species,VU,pseudocuma similis,FALSE,FALSE,FALSE
urn:lsid:dyntaxa.se:Taxon:719,Pseudognaphalium luteoalbum,species,EN,pseudognaphalium luteoalbum,FALSE,FALSE,FALSE
urn:lsid:dyntaxa.se:Taxon:264414,Puccinellia nutkaënsis,species,VU,puccinellia nutkaënsis,FALSE,FALSE,FALSE
urn:lsid:dyntaxa.se:Taxon:2514,Racomitrium macounii,species,VU,racomitrium macounii,FALSE,FALSE,FALSE
urn:lsid:dyntaxa.se:Taxon:5735,Ramaria broomei,species,EN,ramaria broomei,FALSE,FALSE,FALSE
urn:lsid:dyntaxa.se:Taxon:1354,Ramaria echinovirens,species,EN,ramaria echinovirens,FALSE,FALSE,FALSE
urn:lsid:dyntaxa.se:Taxon:1356,Ramaria roellinii,species,VU,ramaria roellinii,FALSE,FALSE,FALSE
urn:lsid:dyntaxa.se:Taxon:5749,Ramaria schildii,species,VU,ramaria schildii,FALSE,FALSE,FALSE
urn:lsid:dyntaxa.se:Taxon:101701,Remus sericeus,species,VU,remus sericeus,FALSE,FALSE,FALSE
urn:lsid:dyntaxa.se:Taxon:1373,Rhinanthus angustifolius subsp. apterus,subspecies,EN,rhinanthus angustifolius,FALSE,FALSE,FALSE
urn:lsid:dyntaxa.se:Taxon:232923,Rhodospora sordida,species,VU,rhodospora sordida,FALSE,FALSE,FALSE
urn:lsid:dyntaxa.se:Taxon:5322,Rigidoporus obducens,species,VU,rigidoporus obducens,FALSE,FALSE,FALSE
urn:lsid:dyntaxa.se:Taxon:1398,Rosa × inodora,species,EN,rosa × inodora,FALSE,FALSE,FALSE
urn:lsid:dyntaxa.se:Taxon:235139,Rubus gillotii,species,CR,rubus gillotii,FALSE,FALSE,FALSE
urn:lsid:dyntaxa.se:Taxon:267006,Rubus onsalaënsis,species,EN,rubus onsalaënsis,FALSE,FALSE,FALSE
urn:lsid:dyntaxa.se:Taxon:1412,Rubus pyramidalis,species,EN,rubus pyramidalis,FALSE,FALSE,FALSE
urn:lsid:dyntaxa.se:Taxon:1419,Rubus vigorosus,species,CR,rubus vigorosus,FALSE,FALSE,FALSE
urn:lsid:dyntaxa.se:Taxon:3192,Rugosomyces ionides,species,VU,rugosomyces ionides,FALSE,FALSE,FALSE
urn:lsid:dyntaxa.se:Taxon:220897,Sagina × normaniana,species,VU,sagina × normaniana,FALSE,FALSE,FALSE
urn:lsid:dyntaxa.se:Taxon:1441,Sarcodontia crocea,species,CR,sarcodontia crocea,FALSE,FALSE,FALSE
urn:lsid:dyntaxa.se:Taxon:1449,Saxifraga osloënsis,species,VU,saxifraga osloënsis,FALSE,FALSE,FALSE
urn:lsid:dyntaxa.se:Taxon:1934,Saxifraga × opdalensis,species,VU,saxifraga × opdalensis,FALSE,FALSE,FALSE
urn:lsid:dyntaxa.se:Taxon:243773,Scathophaga scybalaria,species,VU,scathophaga scybalaria,FALSE,FALSE,FALSE
urn:lsid:dyntaxa.se:Taxon:1481,Seligeria campylopoda,species,EN,seligeria campylopoda,FALSE,FALSE,FALSE
urn:lsid:dyntaxa.se:Taxon:1484,Seligeria subimmersa,species,VU,seligeria subimmersa,FALSE,FALSE,FALSE
urn:lsid:dyntaxa.se:Taxon:2062,Skeletocutis brevispora,species,VU,skeletocutis brevispora,FALSE,FALSE,FALSE
urn:lsid:dyntaxa.se:Taxon:2063,Skeletocutis chrysella,species,VU,skeletocutis chrysella,FALSE,FALSE,FALSE
urn:lsid:dyntaxa.se:Taxon:233025,Skeletocutis jelicii,species,EN,skeletocutis jelicii,FALSE,FALSE,FALSE
urn:lsid:dyntaxa.se:Taxon:1506,Skeletocutis odora,species,VU,skeletocutis odora,FALSE,FALSE,FALSE
urn:lsid:dyntaxa.se:Taxon:1508,Sorbus obtusifolia,species,EN,sorbus obtusifolia,FALSE,FALSE,FALSE
urn:lsid:dyntaxa.se:Taxon:6037534,Sorbus teodori,species,CR,sorbus teodori,FALSE,FALSE,FALSE
urn:lsid:dyntaxa.se:Taxon:106768,Sphecodes spinulosus,species,CR,sphecodes spinulosus,FALSE,FALSE,FALSE
urn:lsid:dyntaxa.se:Taxon:102551,Sphiximorpha subsessillis,species,EN,sphiximorpha subsessillis,FALSE,FALSE,FALSE
urn:lsid:dyntaxa.se:Taxon:6037,Spongipellis delectans,species,VU,spongipellis delectans,FALSE,FALSE,FALSE
urn:lsid:dyntaxa.se:Taxon:101815,Spuleria flavicaput,species,VU,spuleria flavicaput,FALSE,FALSE,FALSE
urn:lsid:dyntaxa.se:Taxon:1520,Squamanita contortipes,species,VU,squamanita contortipes,FALSE,FALSE,FALSE
urn:lsid:dyntaxa.se:Taxon:257114,Squamarina degelii,species,EN,squamarina degelii,FALSE,FALSE,FALSE
urn:lsid:dyntaxa.se:Taxon:898,Steccherinum collabens,species,VU,steccherinum collabens,FALSE,FALSE,FALSE
urn:lsid:dyntaxa.se:Taxon:215274,Stenoptilia islandica,species,VU,stenoptilia islandica,FALSE,FALSE,FALSE
urn:lsid:dyntaxa.se:Taxon:1530,Stephensia bombycina,species,EN,stephensia bombycina,FALSE,FALSE,FALSE
urn:lsid:dyntaxa.se:Taxon:1539,Strigula jamesii,species,VU,strigula jamesii,FALSE,FALSE,FALSE
urn:lsid:dyntaxa.se:Taxon:230130,Strigula stigmatella,species,EN,strigula stigmatella,FALSE,FALSE,FALSE
urn:lsid:dyntaxa.se:Taxon:234248,Styela atlantica,species,EN,styela atlantica,FALSE,FALSE,FALSE
urn:lsid:dyntaxa.se:Taxon:101873,Syncopacma sangiella,species,EN,syncopacma sangiella,FALSE,FALSE,FALSE
urn:lsid:dyntaxa.se:Taxon:101874,Syncopacma suecicella,species,CR,syncopacma suecicella,FALSE,FALSE,FALSE
urn:lsid:dyntaxa.se:Taxon:214762,Syncopacma wormiella,species,VU,syncopacma wormiella,FALSE,FALSE,FALSE
urn:lsid:dyntaxa.se:Taxon:101878,Systenus scholtzi,species,VU,systenus scholtzi,FALSE,FALSE,FALSE
urn:lsid:dyntaxa.se:Taxon:232160,Systenus tener,species,EN,systenus tener,FALSE,FALSE,FALSE
urn:lsid:dyntaxa.se:Taxon:266268,Taraxacum bavaricum,species,CR,taraxacum bavaricum,FALSE,FALSE,FALSE
urn:lsid:dyntaxa.se:Taxon:230712,Taraxacum biformatum,species,EN,taraxacum biformatum,FALSE,FALSE,FALSE
urn:lsid:dyntaxa.se:Taxon:230675,Taraxacum dilutisquameum,species,EN,taraxacum dilutisquameum,FALSE,FALSE,FALSE
urn:lsid:dyntaxa.se:Taxon:230655,Taraxacum tortilobum,species,CR,taraxacum tortilobum,FALSE,FALSE,FALSE
urn:lsid:dyntaxa.se:Taxon:244009,Taxigramma heteroneura,species,VU,taxigramma heteroneura,FALSE,FALSE,FALSE
urn:lsid:dyntaxa.se:Taxon:102900,Temnothorax parvulus,species,VU,temnothorax parvulus,FALSE,FALSE,FALSE
urn:lsid:dyntaxa.se:Taxon:101888,Teredus cylindricus,species,CR,teredus cylindricus,FALSE,FALSE,FALSE
urn:lsid:dyntaxa.se:Taxon:1602,Tortella × cuspidatissima,species,EN,tortella × cuspidatissima,FALSE,FALSE,FALSE
urn:lsid:dyntaxa.se:Taxon:525,Tortula randii,species,CR,tortula randii,FALSE,FALSE,FALSE
urn:lsid:dyntaxa.se:Taxon:101913,Trachypachus zetterstedti,species,VU,trachypachus zetterstedti,FALSE,FALSE,FALSE
urn:lsid:dyntaxa.se:Taxon:211273,Trachys scrobiculata,species,VU,trachys scrobiculata,FALSE,FALSE,FALSE
urn:lsid:dyntaxa.se:Taxon:245031,Tricholoma borgsjoeënse,species,VU,tricholoma borgsjoeënse,FALSE,FALSE,FALSE
urn:lsid:dyntaxa.se:Taxon:245044,Tricholoma roseoacerbum,species,VU,tricholoma roseoacerbum,FALSE,FALSE,FALSE
urn:lsid:dyntaxa.se:Taxon:991,Tritomaria capitata,species,VU,tritomaria capitata,FALSE,FALSE,FALSE
urn:lsid:dyntaxa.se:Taxon:241161,Urophora aprica,species,VU,urophora aprica,FALSE,FALSE,FALSE
urn:lsid:dyntaxa.se:Taxon:1642,Usnea longissima,species,VU,usnea longissima,FALSE,FALSE,FALSE
urn:lsid:dyntaxa.se:Taxon:1671,Vulpia bromoides,species,EN,vulpia bromoides,FALSE,FALSE,FALSE
urn:lsid:dyntaxa.se:Taxon:234732,Wagneriala minima,species,VU,wagneriala minima,FALSE,FALSE,FALSE
urn:lsid:dyntaxa.se:Taxon:1673,Xanthomendoza fallax,species,CR,xanthomendoza fallax,FALSE,FALSE,FALSE
urn:lsid:dyntaxa.se:Taxon:245509,Xerocomus moravicus,species,EN,xerocomus moravicus,FALSE,FALSE,FALSE
