grid,year,basisofrecord,total_occurrences.x,n_months,n_cells_sampled,total_occurrences.y
grid50km,1646,all,1,1,0,
grid50km,1646,humanObservation,1,1,0,
grid50km,1670,all,1,1,0,
grid50km,1670,humanObservation,1,1,0,
grid50km,1681,all,1,1,0,
grid50km,1681,humanObservation,1,1,0,
grid50km,1694,all,1,1,0,
grid50km,1694,humanObservation,1,1,0,
grid50km,1697,all,1,1,0,
grid50km,1697,humanObservation,1,1,0,
grid50km,1698,all,1,1,0,
grid50km,1698,humanObservation,1,1,0,
grid50km,1700,all,1,1,0,
grid50km,1700,humanObservation,1,1,0,
grid50km,1703,all,1,1,0,
grid50km,1703,humanObservation,1,1,0,
grid50km,1709,all,1,1,0,
grid50km,1709,humanObservation,1,1,0,
grid50km,1719,all,1,1,0,
grid50km,1719,preservedSpecimen,1,1,0,
grid50km,1729,all,3,1,0,
grid50km,1729,preservedSpecimen,3,1,0,
grid50km,1732,all,3,1,0,
grid50km,1732,humanObservation,3,1,0,
grid50km,1739,all,1,1,0,
grid50km,1739,humanObservation,1,1,0,
grid50km,1741,all,17,3,0,
grid50km,1741,humanObservation,17,3,0,
grid50km,1742,all,9,3,0,
grid50km,1742,humanObservation,9,3,0,
grid50km,1745,all,29,3,0,
grid50km,1745,humanObservation,29,3,0,
grid50km,1746,all,2,1,0,
grid50km,1746,humanObservation,2,1,0,
grid50km,1749,all,5,3,0,
grid50km,1749,humanObservation,5,3,0,
grid50km,1755,all,1,1,0,
grid50km,1755,preservedSpecimen,1,1,0,
grid50km,1756,all,1,1,0,
grid50km,1756,humanObservation,1,1,0,
grid50km,1758,all,1,1,0,
grid50km,1758,preservedSpecimen,1,1,0,
grid50km,1759,all,1,1,0,
grid50km,1759,humanObservation,1,1,0,
grid50km,1760,all,1,1,0,
grid50km,1760,humanObservation,1,1,0,
grid50km,1763,all,1,1,0,
grid50km,1763,humanObservation,1,1,0,
grid50km,1764,all,3,1,0,
grid50km,1764,humanObservation,3,1,0,
grid50km,1771,all,3,1,0,
grid50km,1771,humanObservation,2,1,0,
grid50km,1771,preservedSpecimen,1,1,0,
grid50km,1772,all,1,1,0,
grid50km,1772,preservedSpecimen,1,1,0,
grid50km,1773,all,13,3,0,
grid50km,1773,humanObservation,12,2,0,
grid50km,1773,preservedSpecimen,1,1,0,
grid50km,1774,all,51,2,0,
grid50km,1774,humanObservation,51,2,0,
grid50km,1775,all,1,1,0,
grid50km,1775,humanObservation,1,1,0,
grid50km,1777,all,1,1,0,
grid50km,1777,humanObservation,1,1,0,
grid50km,1778,all,2,1,0,
grid50km,1778,preservedSpecimen,2,1,0,
grid50km,1779,all,4,4,0,
grid50km,1779,humanObservation,2,2,0,
grid50km,1779,preservedSpecimen,2,2,0,
grid50km,1780,all,5,3,0,
grid50km,1780,humanObservation,5,3,0,
grid50km,1782,all,6,2,0,
grid50km,1782,humanObservation,6,2,0,
grid50km,1783,all,6,5,0,
grid50km,1783,humanObservation,6,5,0,
grid50km,1785,all,1,1,0,
grid50km,1785,preservedSpecimen,1,1,0,
grid50km,1787,all,2,2,0,
grid50km,1787,humanObservation,2,2,0,
grid50km,1788,all,1,1,0,
grid50km,1788,humanObservation,1,1,0,
grid50km,1790,all,74,8,0,
grid50km,1790,humanObservation,73,7,0,
grid50km,1790,preservedSpecimen,1,1,0,
grid50km,1791,all,6,3,0,
grid50km,1791,humanObservation,5,3,0,
grid50km,1791,preservedSpecimen,1,1,0,
grid50km,1793,all,1,1,0,
grid50km,1793,preservedSpecimen,1,1,0,
grid50km,1794,all,1,1,0,
grid50km,1794,preservedSpecimen,1,1,0,
grid50km,1797,all,4,2,0,
grid50km,1797,humanObservation,1,1,0,
grid50km,1797,preservedSpecimen,3,2,0,
grid50km,1798,all,5,3,0,
grid50km,1798,humanObservation,3,2,0,
grid50km,1798,preservedSpecimen,2,2,0,
grid50km,1799,all,2,2,0,
grid50km,1799,preservedSpecimen,2,2,0,
grid50km,1800,all,179,8,0,
grid50km,1800,humanObservation,135,2,0,
grid50km,1800,preservedSpecimen,44,7,0,
grid50km,1801,all,23,6,0,
grid50km,1801,humanObservation,1,1,0,
grid50km,1801,preservedSpecimen,22,6,0,
grid50km,1802,all,17,5,0,
grid50km,1802,preservedSpecimen,17,5,0,
grid50km,1803,all,15,6,0,
grid50km,1803,preservedSpecimen,15,6,0,
grid50km,1804,all,27,6,0,
grid50km,1804,humanObservation,3,2,0,
grid50km,1804,preservedSpecimen,24,6,0,
grid50km,1805,all,8,4,0,
grid50km,1805,humanObservation,2,2,0,
grid50km,1805,preservedSpecimen,6,3,0,
grid50km,1806,all,39,3,0,
grid50km,1806,preservedSpecimen,39,3,0,
grid50km,1807,all,54,7,0,
grid50km,1807,occurrence,1,1,0,
grid50km,1807,preservedSpecimen,53,7,0,
grid50km,1808,all,21,6,0,
grid50km,1808,humanObservation,1,1,0,
grid50km,1808,preservedSpecimen,20,6,0,
grid50km,1809,all,151,7,0,
grid50km,1809,humanObservation,1,1,0,
grid50km,1809,preservedSpecimen,150,7,0,
grid50km,1810,all,139,7,0,
grid50km,1810,humanObservation,49,6,0,
grid50km,1810,preservedSpecimen,90,6,0,
grid50km,1811,all,82,9,0,
grid50km,1811,humanObservation,69,5,0,
grid50km,1811,preservedSpecimen,13,7,0,
grid50km,1812,all,39,7,0,
grid50km,1812,humanObservation,25,6,0,
grid50km,1812,preservedSpecimen,14,5,0,
grid50km,1813,all,44,5,0,
grid50km,1813,humanObservation,23,5,0,
grid50km,1813,preservedSpecimen,21,4,0,
grid50km,1814,all,1461,9,0,
grid50km,1814,humanObservation,1431,8,0,
grid50km,1814,preservedSpecimen,30,8,0,
grid50km,1815,all,654,7,0,
grid50km,1815,humanObservation,602,7,0,
grid50km,1815,preservedSpecimen,52,7,0,
grid50km,1816,all,914,9,0,
grid50km,1816,humanObservation,874,8,0,
grid50km,1816,preservedSpecimen,40,5,0,
grid50km,1817,all,965,9,0,
grid50km,1817,humanObservation,904,9,0,
grid50km,1817,occurrence,1,1,0,
grid50km,1817,preservedSpecimen,60,5,0,
grid50km,1818,all,1254,9,0,
grid50km,1818,humanObservation,1061,8,0,
grid50km,1818,preservedSpecimen,193,7,0,
grid50km,1819,all,913,10,0,
grid50km,1819,humanObservation,647,7,0,
grid50km,1819,preservedSpecimen,266,10,0,
grid50km,1820,all,418,10,0,
grid50km,1820,humanObservation,170,6,0,
grid50km,1820,preservedSpecimen,248,10,1,1
grid50km,1821,all,711,8,0,
grid50km,1821,humanObservation,274,7,0,
grid50km,1821,occurrence,10,4,1,1
grid50km,1821,preservedSpecimen,427,7,0,
grid50km,1822,all,229,10,0,
grid50km,1822,humanObservation,38,5,0,
grid50km,1822,preservedSpecimen,191,10,0,
grid50km,1823,all,419,8,0,
grid50km,1823,humanObservation,223,5,0,
grid50km,1823,preservedSpecimen,196,8,0,
grid50km,1824,all,419,12,0,
grid50km,1824,humanObservation,358,8,0,
grid50km,1824,preservedSpecimen,61,11,0,
grid50km,1825,all,1880,9,0,
grid50km,1825,humanObservation,1699,8,0,
grid50km,1825,preservedSpecimen,181,9,0,
grid50km,1826,all,1032,11,0,
grid50km,1826,humanObservation,941,8,0,
grid50km,1826,preservedSpecimen,91,10,0,
grid50km,1827,all,151,9,0,
grid50km,1827,fossilSpecimen,1,1,0,
grid50km,1827,humanObservation,46,7,0,
grid50km,1827,preservedSpecimen,104,8,0,
grid50km,1828,all,668,10,0,
grid50km,1828,humanObservation,407,10,0,
grid50km,1828,preservedSpecimen,261,9,0,
grid50km,1829,all,823,11,0,
grid50km,1829,humanObservation,675,9,0,
grid50km,1829,preservedSpecimen,148,11,0,
grid50km,1830,all,270,12,0,
grid50km,1830,humanObservation,99,9,0,
grid50km,1830,preservedSpecimen,171,11,0,
grid50km,1831,all,277,12,0,
grid50km,1831,humanObservation,11,6,0,
grid50km,1831,preservedSpecimen,266,12,0,
grid50km,1832,all,499,12,0,
grid50km,1832,humanObservation,21,5,0,
grid50km,1832,occurrence,10,4,1,1
grid50km,1832,preservedSpecimen,468,11,0,
grid50km,1833,all,501,12,0,
grid50km,1833,humanObservation,222,5,0,
grid50km,1833,preservedSpecimen,279,12,0,
grid50km,1834,all,571,12,0,
grid50km,1834,humanObservation,194,7,0,
grid50km,1834,preservedSpecimen,377,12,0,
grid50km,1835,all,1253,12,0,
grid50km,1835,humanObservation,557,7,0,
grid50km,1835,preservedSpecimen,696,12,0,
grid50km,1836,all,1157,12,0,
grid50km,1836,humanObservation,212,8,0,
grid50km,1836,preservedSpecimen,945,12,0,
grid50km,1837,all,537,12,0,
grid50km,1837,humanObservation,64,9,0,
grid50km,1837,preservedSpecimen,473,12,0,
grid50km,1838,all,460,12,0,
grid50km,1838,humanObservation,56,9,0,
grid50km,1838,preservedSpecimen,404,12,0,
grid50km,1839,all,458,11,0,
grid50km,1839,humanObservation,50,8,0,
grid50km,1839,preservedSpecimen,408,11,0,
grid50km,1840,all,2757,12,0,
grid50km,1840,humanObservation,1256,10,0,
grid50km,1840,occurrence,11,2,0,
grid50km,1840,preservedSpecimen,1490,11,0,
grid50km,1841,all,1780,12,0,
grid50km,1841,humanObservation,1105,11,0,
grid50km,1841,preservedSpecimen,675,12,0,
grid50km,1842,all,1622,12,0,
grid50km,1842,humanObservation,595,12,0,
grid50km,1842,occurrence,6,2,0,
grid50km,1842,preservedSpecimen,1021,12,0,
grid50km,1843,all,910,12,0,
grid50km,1843,humanObservation,302,10,0,
grid50km,1843,occurrence,2,1,0,
grid50km,1843,preservedSpecimen,606,12,0,
grid50km,1844,all,909,12,1,1
grid50km,1844,humanObservation,336,11,0,
grid50km,1844,preservedSpecimen,573,12,1,1
grid50km,1845,all,1082,12,0,
grid50km,1845,humanObservation,343,12,0,
grid50km,1845,preservedSpecimen,739,12,0,
grid50km,1846,all,1169,12,0,
grid50km,1846,humanObservation,291,11,0,
grid50km,1846,preservedSpecimen,878,12,0,
grid50km,1847,all,1516,12,0,
grid50km,1847,humanObservation,794,10,0,
grid50km,1847,preservedSpecimen,722,12,0,
grid50km,1848,all,879,12,0,
grid50km,1848,humanObservation,105,11,0,
grid50km,1848,preservedSpecimen,774,12,0,
grid50km,1849,all,1213,12,0,
grid50km,1849,humanObservation,247,12,0,
grid50km,1849,materialCitation,1,1,1,1
grid50km,1849,occurrence,1,1,0,
grid50km,1849,preservedSpecimen,964,12,0,
grid50km,1850,all,1330,12,0,
grid50km,1850,humanObservation,153,9,0,
grid50km,1850,preservedSpecimen,1177,12,0,
grid50km,1851,all,1414,12,0,
grid50km,1851,humanObservation,105,12,0,
grid50km,1851,preservedSpecimen,1309,12,0,
grid50km,1852,all,1516,12,0,
grid50km,1852,humanObservation,92,8,0,
grid50km,1852,preservedSpecimen,1424,12,0,
grid50km,1853,all,2311,12,0,
grid50km,1853,humanObservation,52,10,0,
grid50km,1853,preservedSpecimen,2259,12,0,
grid50km,1854,all,1315,12,0,
grid50km,1854,humanObservation,30,10,0,
grid50km,1854,preservedSpecimen,1285,12,0,
grid50km,1855,all,1866,12,0,
grid50km,1855,humanObservation,64,11,0,
grid50km,1855,preservedSpecimen,1802,11,0,
grid50km,1856,all,2869,12,0,
grid50km,1856,humanObservation,183,11,0,
grid50km,1856,preservedSpecimen,2686,11,0,
grid50km,1857,all,2582,12,0,
grid50km,1857,humanObservation,136,8,0,
grid50km,1857,preservedSpecimen,2446,12,0,
grid50km,1858,all,2539,12,0,
grid50km,1858,humanObservation,386,11,0,
grid50km,1858,occurrence,1,1,0,
grid50km,1858,preservedSpecimen,2152,12,0,
grid50km,1859,all,5580,12,0,
grid50km,1859,humanObservation,38,11,0,
grid50km,1859,preservedSpecimen,5542,12,0,
grid50km,1860,all,3753,12,0,
grid50km,1860,humanObservation,123,11,0,
grid50km,1860,occurrence,1,1,0,
grid50km,1860,preservedSpecimen,3629,12,0,
grid50km,1861,all,3710,11,0,
grid50km,1861,humanObservation,239,9,0,
grid50km,1861,occurrence,1,1,0,
grid50km,1861,preservedSpecimen,3470,11,0,
grid50km,1862,all,3076,12,0,
grid50km,1862,humanObservation,154,12,0,
grid50km,1862,occurrence,1,1,0,
grid50km,1862,preservedSpecimen,2921,12,0,
grid50km,1863,all,4033,12,0,
grid50km,1863,humanObservation,125,11,0,
grid50km,1863,occurrence,2,1,0,
grid50km,1863,preservedSpecimen,3906,12,0,
grid50km,1864,all,4848,12,0,
grid50km,1864,humanObservation,207,9,0,
grid50km,1864,preservedSpecimen,4641,12,0,
grid50km,1865,all,4602,12,0,
grid50km,1865,humanObservation,94,11,0,
grid50km,1865,materialSample,1,1,0,
grid50km,1865,occurrence,3,2,0,
grid50km,1865,preservedSpecimen,4504,12,0,
grid50km,1866,all,4397,12,0,
grid50km,1866,humanObservation,92,9,0,
grid50km,1866,preservedSpecimen,4305,12,0,
grid50km,1867,all,6016,12,0,
grid50km,1867,humanObservation,256,8,0,
grid50km,1867,occurrence,1,1,0,
grid50km,1867,preservedSpecimen,5759,12,0,
grid50km,1868,all,4348,12,0,
grid50km,1868,humanObservation,152,10,0,
grid50km,1868,occurrence,1,1,0,
grid50km,1868,preservedSpecimen,4195,12,0,
grid50km,1869,all,4727,12,0,
grid50km,1869,humanObservation,103,11,0,
grid50km,1869,occurrence,1,1,0,
grid50km,1869,preservedSpecimen,4623,12,1,1
grid50km,1870,all,5081,12,0,
grid50km,1870,humanObservation,159,12,0,
grid50km,1870,occurrence,1,1,0,
grid50km,1870,preservedSpecimen,4921,12,0,
grid50km,1871,all,4390,12,0,
grid50km,1871,fossilSpecimen,24,1,0,
grid50km,1871,humanObservation,152,12,0,
grid50km,1871,occurrence,2,1,0,
grid50km,1871,preservedSpecimen,4212,12,0,
grid50km,1872,all,5439,12,0,
grid50km,1872,humanObservation,108,12,0,
grid50km,1872,occurrence,3,2,0,
grid50km,1872,preservedSpecimen,5328,12,0,
grid50km,1873,all,5095,12,0,
grid50km,1873,humanObservation,149,10,0,
grid50km,1873,occurrence,1,1,0,
grid50km,1873,preservedSpecimen,4945,12,0,
grid50km,1874,all,5196,12,3,3
grid50km,1874,humanObservation,154,11,0,
grid50km,1874,preservedSpecimen,5042,12,3,3
grid50km,1875,all,6034,12,0,
grid50km,1875,humanObservation,190,12,0,
grid50km,1875,preservedSpecimen,5844,12,1,1
grid50km,1876,all,5540,12,0,
grid50km,1876,humanObservation,180,12,0,
grid50km,1876,materialSample,2,1,0,
grid50km,1876,occurrence,1,1,0,
grid50km,1876,preservedSpecimen,5357,12,0,
grid50km,1877,all,6587,12,0,
grid50km,1877,fossilSpecimen,1,1,0,
grid50km,1877,humanObservation,328,9,0,
grid50km,1877,materialSample,2,1,0,
grid50km,1877,occurrence,1,1,0,
grid50km,1877,preservedSpecimen,6255,12,0,
grid50km,1878,all,5980,12,0,
grid50km,1878,humanObservation,313,11,0,
grid50km,1878,occurrence,2,2,0,
grid50km,1878,preservedSpecimen,5665,12,1,1
grid50km,1879,all,6559,12,0,
grid50km,1879,fossilSpecimen,7,2,1,1
grid50km,1879,humanObservation,314,11,0,
grid50km,1879,materialSample,1,1,0,
grid50km,1879,preservedSpecimen,6237,12,0,
grid50km,1880,all,7453,12,0,
grid50km,1880,fossilSpecimen,45,4,0,
grid50km,1880,humanObservation,241,11,0,
grid50km,1880,occurrence,1,1,0,
grid50km,1880,preservedSpecimen,7166,12,0,
grid50km,1881,all,9124,12,2,2
grid50km,1881,fossilSpecimen,1,1,0,
grid50km,1881,humanObservation,265,12,0,
grid50km,1881,materialSample,2,2,0,
grid50km,1881,occurrence,4,4,0,
grid50km,1881,preservedSpecimen,8852,12,2,2
grid50km,1882,all,11157,12,0,
grid50km,1882,fossilSpecimen,154,5,0,
grid50km,1882,humanObservation,153,11,0,
grid50km,1882,materialSample,1,1,0,
grid50km,1882,occurrence,11,4,0,
grid50km,1882,preservedSpecimen,10838,12,2,2
grid50km,1883,all,10456,12,1,1
grid50km,1883,fossilSpecimen,4,1,0,
grid50km,1883,humanObservation,376,11,0,
grid50km,1883,occurrence,12,5,0,
grid50km,1883,preservedSpecimen,10064,12,2,2
grid50km,1884,all,12604,12,2,2
grid50km,1884,fossilSpecimen,351,4,2,6
grid50km,1884,humanObservation,399,12,0,
grid50km,1884,occurrence,11,4,3,4
grid50km,1884,preservedSpecimen,11843,12,2,2
grid50km,1885,all,13293,12,0,
grid50km,1885,fossilSpecimen,97,3,4,7
grid50km,1885,humanObservation,336,12,0,
grid50km,1885,occurrence,8,4,0,
grid50km,1885,preservedSpecimen,12852,12,0,
grid50km,1886,all,12936,12,1,1
grid50km,1886,fossilSpecimen,189,2,1,2
grid50km,1886,humanObservation,525,12,0,
grid50km,1886,occurrence,5,4,1,2
grid50km,1886,preservedSpecimen,12217,12,1,1
grid50km,1887,all,13661,12,1,1
grid50km,1887,fossilSpecimen,2,2,0,
grid50km,1887,humanObservation,807,12,0,
grid50km,1887,materialCitation,1,1,1,1
grid50km,1887,occurrence,9,6,1,1
grid50km,1887,preservedSpecimen,12842,12,2,2
grid50km,1888,all,12184,12,3,3
grid50km,1888,fossilSpecimen,16,2,0,
grid50km,1888,humanObservation,563,12,0,
grid50km,1888,occurrence,4,3,1,1
grid50km,1888,preservedSpecimen,11601,12,3,3
grid50km,1889,all,13147,12,0,
grid50km,1889,fossilSpecimen,28,5,3,12
grid50km,1889,humanObservation,750,12,0,
grid50km,1889,occurrence,46,8,0,
grid50km,1889,preservedSpecimen,12323,12,0,
grid50km,1890,all,12743,12,7,7
grid50km,1890,fossilSpecimen,22,5,1,1
grid50km,1890,humanObservation,572,12,0,
grid50km,1890,occurrence,17,7,0,
grid50km,1890,preservedSpecimen,12132,12,12,13
grid50km,1891,all,10667,12,20,23
grid50km,1891,fossilSpecimen,93,4,2,146
grid50km,1891,humanObservation,226,11,0,
grid50km,1891,materialSample,2,1,0,
grid50km,1891,occurrence,17,8,0,
grid50km,1891,preservedSpecimen,10329,12,33,39
grid50km,1892,all,12242,12,4,5
grid50km,1892,fossilSpecimen,26,3,3,10
grid50km,1892,humanObservation,198,10,0,
grid50km,1892,materialSample,4,1,0,
grid50km,1892,occurrence,16,7,0,
grid50km,1892,preservedSpecimen,11998,12,10,12
grid50km,1893,all,11348,12,4,4
grid50km,1893,fossilSpecimen,54,4,8,61
grid50km,1893,humanObservation,496,11,0,
grid50km,1893,occurrence,7,5,0,
grid50km,1893,preservedSpecimen,10791,12,5,6
grid50km,1894,all,11126,12,6,8
grid50km,1894,fossilSpecimen,60,4,6,36
grid50km,1894,humanObservation,467,12,0,
grid50km,1894,materialSample,3,1,0,
grid50km,1894,occurrence,9,6,0,
grid50km,1894,preservedSpecimen,10587,12,8,11
grid50km,1895,all,10414,12,7,9
grid50km,1895,fossilSpecimen,20,1,1,2
grid50km,1895,humanObservation,204,12,0,
grid50km,1895,materialSample,1,1,0,
grid50km,1895,occurrence,13,6,1,1
grid50km,1895,preservedSpecimen,10176,12,10,13
grid50km,1896,all,9180,12,1,1
grid50km,1896,fossilSpecimen,52,4,1,1
grid50km,1896,humanObservation,174,11,1,1
grid50km,1896,occurrence,49,9,1,1
grid50km,1896,preservedSpecimen,8905,12,1,1
grid50km,1897,all,10737,12,2,2
grid50km,1897,fossilSpecimen,13,1,0,
grid50km,1897,humanObservation,179,11,0,
grid50km,1897,materialSample,5,2,0,
grid50km,1897,occurrence,49,6,2,2
grid50km,1897,preservedSpecimen,10491,12,4,4
grid50km,1898,all,12310,12,0,
grid50km,1898,fossilSpecimen,9,3,1,1
grid50km,1898,humanObservation,357,12,0,
grid50km,1898,materialSample,1,1,0,
grid50km,1898,occurrence,45,6,1,7
grid50km,1898,preservedSpecimen,11898,12,2,4
grid50km,1899,all,8830,12,0,
grid50km,1899,humanObservation,172,12,0,
grid50km,1899,occurrence,22,7,0,
grid50km,1899,preservedSpecimen,8636,12,2,2
grid50km,1900,all,11681,12,1,2
grid50km,1900,humanObservation,527,12,0,
grid50km,1900,materialSample,1,1,0,
grid50km,1900,occurrence,40,7,2,2
grid50km,1900,preservedSpecimen,11113,12,4,7
grid50km,1901,all,10441,12,1,2
grid50km,1901,humanObservation,223,11,0,
grid50km,1901,occurrence,33,3,2,2
grid50km,1901,preservedSpecimen,10185,12,2,5
grid50km,1902,all,13742,12,2,2
grid50km,1902,fossilSpecimen,7,2,1,3
grid50km,1902,humanObservation,365,11,0,
grid50km,1902,materialCitation,1,1,0,
grid50km,1902,materialSample,362,5,0,
grid50km,1902,occurrence,30,6,1,4
grid50km,1902,preservedSpecimen,12977,12,2,2
grid50km,1903,all,13244,12,3,4
grid50km,1903,humanObservation,707,12,0,
grid50km,1903,materialCitation,1,1,1,1
grid50km,1903,materialSample,801,5,0,
grid50km,1903,occurrence,66,6,5,6
grid50km,1903,preservedSpecimen,11669,12,2,3
grid50km,1904,all,13438,12,0,
grid50km,1904,fossilSpecimen,64,1,0,
grid50km,1904,humanObservation,1033,11,0,
grid50km,1904,materialCitation,1,1,0,
grid50km,1904,materialSample,454,5,0,
grid50km,1904,occurrence,11,5,1,3
grid50km,1904,preservedSpecimen,11875,12,0,
grid50km,1905,all,15375,12,1,1
grid50km,1905,fossilSpecimen,140,1,0,
grid50km,1905,humanObservation,1137,12,0,
grid50km,1905,materialSample,476,5,0,
grid50km,1905,occurrence,19,6,1,2
grid50km,1905,preservedSpecimen,13603,12,2,5
grid50km,1906,all,14353,12,0,
grid50km,1906,fossilSpecimen,9,1,0,
grid50km,1906,humanObservation,866,12,0,
grid50km,1906,materialSample,472,5,0,
grid50km,1906,occurrence,27,6,0,
grid50km,1906,preservedSpecimen,12979,12,0,
grid50km,1907,all,14438,12,1,1
grid50km,1907,fossilSpecimen,2,2,0,
grid50km,1907,humanObservation,966,12,0,
grid50km,1907,materialCitation,1,1,0,
grid50km,1907,materialSample,405,4,0,
grid50km,1907,occurrence,69,7,1,1
grid50km,1907,preservedSpecimen,12995,12,1,1
grid50km,1908,all,14376,12,1,1
grid50km,1908,fossilSpecimen,342,2,0,
grid50km,1908,humanObservation,1102,11,0,
grid50km,1908,materialSample,19,1,0,
grid50km,1908,occurrence,13,6,0,
grid50km,1908,preservedSpecimen,12900,12,1,1
grid50km,1909,all,15135,12,1,1
grid50km,1909,fossilSpecimen,274,3,1,1
grid50km,1909,humanObservation,598,12,0,
grid50km,1909,materialSample,29,2,0,
grid50km,1909,occurrence,47,6,2,5
grid50km,1909,preservedSpecimen,14187,12,1,1
grid50km,1910,all,17901,12,3,3
grid50km,1910,fossilSpecimen,9,4,2,5
grid50km,1910,humanObservation,2254,11,0,
grid50km,1910,materialSample,990,9,0,
grid50km,1910,occurrence,22,7,0,
grid50km,1910,preservedSpecimen,14626,12,3,3
grid50km,1911,all,15914,12,2,3
grid50km,1911,fossilSpecimen,2,2,0,
grid50km,1911,humanObservation,786,12,0,
grid50km,1911,materialCitation,1,1,0,
grid50km,1911,materialSample,65,1,0,
grid50km,1911,occurrence,28,9,4,14
grid50km,1911,preservedSpecimen,15032,12,1,2
grid50km,1912,all,18029,12,6,9
grid50km,1912,fossilSpecimen,10,2,1,2
grid50km,1912,humanObservation,504,12,0,
grid50km,1912,materialSample,135,2,0,
grid50km,1912,occurrence,17,8,6,24
grid50km,1912,preservedSpecimen,17363,12,3,4
grid50km,1913,all,20557,12,1,2
grid50km,1913,fossilSpecimen,456,5,1,1
grid50km,1913,humanObservation,552,12,0,
grid50km,1913,materialSample,1,1,0,
grid50km,1913,occurrence,24,8,2,10
grid50km,1913,preservedSpecimen,19524,12,1,2
grid50km,1914,all,19425,12,3,3
grid50km,1914,fossilSpecimen,599,2,0,
grid50km,1914,humanObservation,454,12,0,
grid50km,1914,materialCitation,1,1,1,1
grid50km,1914,occurrence,31,6,2,2
grid50km,1914,preservedSpecimen,18340,12,2,2
grid50km,1915,all,19582,12,2,2
grid50km,1915,fossilSpecimen,5,2,0,
grid50km,1915,humanObservation,598,12,0,
grid50km,1915,occurrence,16,4,2,2
grid50km,1915,preservedSpecimen,18963,12,2,2
grid50km,1916,all,20602,12,0,
grid50km,1916,fossilSpecimen,69,4,2,207
grid50km,1916,humanObservation,391,11,0,
grid50km,1916,materialSample,1,1,0,
grid50km,1916,occurrence,24,7,1,1
grid50km,1916,preservedSpecimen,20117,12,0,
grid50km,1917,all,19610,12,0,
grid50km,1917,fossilSpecimen,70,3,0,
grid50km,1917,humanObservation,666,12,0,
grid50km,1917,materialCitation,1,1,0,
grid50km,1917,occurrence,17,5,0,
grid50km,1917,preservedSpecimen,18856,12,0,
grid50km,1918,all,20076,12,2,2
grid50km,1918,fossilSpecimen,48,2,0,
grid50km,1918,humanObservation,528,12,0,
grid50km,1918,materialCitation,1,1,0,
grid50km,1918,occurrence,11,5,3,3
grid50km,1918,preservedSpecimen,19488,12,2,2
grid50km,1919,all,20448,12,0,
grid50km,1919,fossilSpecimen,86,3,0,
grid50km,1919,humanObservation,1434,12,0,
grid50km,1919,materialCitation,1,1,1,1
grid50km,1919,occurrence,10,5,0,
grid50km,1919,preservedSpecimen,18917,12,1,2
grid50km,1920,all,17526,12,0,
grid50km,1920,fossilSpecimen,128,3,1,1
grid50km,1920,humanObservation,1332,11,0,
grid50km,1920,occurrence,11,5,1,1
grid50km,1920,preservedSpecimen,16055,12,0,
grid50km,1921,all,18029,12,1,1
grid50km,1921,fossilSpecimen,187,1,2,331
grid50km,1921,humanObservation,1199,12,0,
grid50km,1921,materialSample,1,1,0,
grid50km,1921,occurrence,42,7,0,
grid50km,1921,preservedSpecimen,16600,12,1,1
grid50km,1922,all,25482,12,0,
grid50km,1922,fossilSpecimen,177,2,0,
grid50km,1922,humanObservation,1807,12,0,
grid50km,1922,materialCitation,1,1,0,
grid50km,1922,materialSample,1,1,0,
grid50km,1922,occurrence,20,6,0,
grid50km,1922,preservedSpecimen,23476,12,0,
grid50km,1923,all,24197,12,0,
grid50km,1923,fossilSpecimen,437,1,0,
grid50km,1923,humanObservation,2776,12,0,
grid50km,1923,occurrence,67,7,0,
grid50km,1923,preservedSpecimen,20917,12,0,
grid50km,1924,all,21921,12,4,6
grid50km,1924,fossilSpecimen,23,2,0,
grid50km,1924,humanObservation,1340,12,0,
grid50km,1924,occurrence,53,8,3,3
grid50km,1924,preservedSpecimen,20505,12,6,9
grid50km,1925,all,27857,12,2,2
grid50km,1925,fossilSpecimen,8,2,1,3
grid50km,1925,humanObservation,2638,12,0,
grid50km,1925,materialCitation,1,1,0,
grid50km,1925,materialSample,3,2,0,
grid50km,1925,occurrence,114,8,2,2
grid50km,1925,preservedSpecimen,25093,12,3,3
grid50km,1926,all,32392,12,9,12
grid50km,1926,fossilSpecimen,3,1,0,
grid50km,1926,humanObservation,3001,12,0,
grid50km,1926,materialCitation,2,1,0,
grid50km,1926,materialSample,5,2,0,
grid50km,1926,occurrence,111,7,15,16
grid50km,1926,preservedSpecimen,29270,12,4,5
grid50km,1927,all,32423,12,18,25
grid50km,1927,fossilSpecimen,111,5,0,
grid50km,1927,humanObservation,3628,12,0,
grid50km,1927,materialCitation,1,1,0,
grid50km,1927,materialSample,4,3,0,
grid50km,1927,occurrence,175,7,40,54
grid50km,1927,preservedSpecimen,28504,12,2,3
grid50km,1928,all,28883,12,16,22
grid50km,1928,fossilSpecimen,325,8,0,
grid50km,1928,humanObservation,2056,12,0,
grid50km,1928,materialCitation,3,2,1,1
grid50km,1928,occurrence,152,8,13,69
grid50km,1928,preservedSpecimen,26347,12,12,17
grid50km,1929,all,24870,12,5,9
grid50km,1929,fossilSpecimen,220,5,0,
grid50km,1929,humanObservation,2911,12,0,
grid50km,1929,materialCitation,1,1,1,1
grid50km,1929,materialSample,5,4,0,
grid50km,1929,occurrence,60,6,1,4
grid50km,1929,preservedSpecimen,21673,12,6,10
grid50km,1930,all,27013,12,7,13
grid50km,1930,fossilSpecimen,108,3,1,775
grid50km,1930,humanObservation,5245,12,0,
grid50km,1930,materialCitation,4,1,0,
grid50km,1930,occurrence,64,9,9,10
grid50km,1930,preservedSpecimen,21592,12,3,7
grid50km,1931,all,21112,12,6,14
grid50km,1931,fossilSpecimen,207,1,1,1
grid50km,1931,humanObservation,1613,12,0,
grid50km,1931,materialCitation,2,2,0,
grid50km,1931,materialSample,5,1,0,
grid50km,1931,occurrence,84,8,19,51
grid50km,1931,preservedSpecimen,19201,12,2,3
grid50km,1932,all,29154,12,1,4
grid50km,1932,fossilSpecimen,102,2,0,
grid50km,1932,humanObservation,3605,12,0,
grid50km,1932,materialCitation,5,2,0,
grid50km,1932,occurrence,65,7,4,4
grid50km,1932,preservedSpecimen,25377,12,1,2
grid50km,1933,all,22896,12,1,1
grid50km,1933,fossilSpecimen,6,1,0,
grid50km,1933,humanObservation,4340,12,0,
grid50km,1933,materialCitation,5,4,1,1
grid50km,1933,materialSample,1,1,0,
grid50km,1933,occurrence,43,7,1,4
grid50km,1933,preservedSpecimen,18501,12,1,1
grid50km,1934,all,31071,12,0,
grid50km,1934,fossilSpecimen,14,3,0,
grid50km,1934,humanObservation,2582,12,0,
grid50km,1934,materialCitation,1,1,0,
grid50km,1934,occurrence,27,6,2,9
grid50km,1934,preservedSpecimen,28447,12,1,2
grid50km,1935,all,29500,12,1,1
grid50km,1935,fossilSpecimen,27,1,0,
grid50km,1935,humanObservation,3576,12,0,
grid50km,1935,materialCitation,4,2,1,1
grid50km,1935,materialSample,2,2,0,
grid50km,1935,occurrence,46,7,1,1
grid50km,1935,preservedSpecimen,25845,12,2,4
grid50km,1936,all,20894,12,1,1
grid50km,1936,fossilSpecimen,22,3,0,
grid50km,1936,humanObservation,2584,12,0,
grid50km,1936,materialCitation,2,2,0,
grid50km,1936,materialSample,4,2,0,
grid50km,1936,occurrence,33,7,1,2
grid50km,1936,preservedSpecimen,18249,12,2,3
grid50km,1937,all,39100,12,0,
grid50km,1937,fossilSpecimen,103,1,0,
grid50km,1937,humanObservation,15438,12,0,
grid50km,1937,materialCitation,2,2,0,
grid50km,1937,materialSample,2,2,0,
grid50km,1937,occurrence,10,5,2,39
grid50km,1937,preservedSpecimen,23545,12,0,
grid50km,1938,all,30549,12,0,
grid50km,1938,fossilSpecimen,38,2,0,
grid50km,1938,humanObservation,2380,12,0,
grid50km,1938,materialCitation,3,2,0,
grid50km,1938,materialSample,17,4,0,
grid50km,1938,occurrence,14,7,0,
grid50km,1938,preservedSpecimen,28097,12,0,
grid50km,1939,all,25121,12,0,
grid50km,1939,fossilSpecimen,113,1,1,3
grid50km,1939,humanObservation,1871,12,0,
grid50km,1939,materialCitation,6,3,0,
grid50km,1939,occurrence,12,5,0,
grid50km,1939,preservedSpecimen,23119,12,0,
grid50km,1940,all,17734,12,0,
grid50km,1940,fossilSpecimen,3,3,1,6
grid50km,1940,humanObservation,1924,12,0,
grid50km,1940,materialCitation,2,1,0,
grid50km,1940,materialSample,6,4,0,
grid50km,1940,occurrence,12,3,0,
grid50km,1940,preservedSpecimen,15787,12,0,
grid50km,1941,all,22013,12,0,
grid50km,1941,fossilSpecimen,30,1,0,
grid50km,1941,humanObservation,2628,12,0,
grid50km,1941,materialCitation,4,2,2,4
grid50km,1941,materialSample,4,2,0,
grid50km,1941,occurrence,26,6,2,14
grid50km,1941,preservedSpecimen,19321,12,0,
grid50km,1942,all,25487,12,2,4
grid50km,1942,fossilSpecimen,29,2,0,
grid50km,1942,humanObservation,1711,12,0,
grid50km,1942,materialCitation,4,2,2,2
grid50km,1942,materialSample,6,3,0,
grid50km,1942,occurrence,19,6,1,1
grid50km,1942,preservedSpecimen,23718,12,2,3
grid50km,1943,all,28898,12,2,5
grid50km,1943,fossilSpecimen,15,2,1,2
grid50km,1943,humanObservation,2958,12,0,
grid50km,1943,materialCitation,1,1,0,
grid50km,1943,materialSample,7,4,0,
grid50km,1943,occurrence,37,8,4,12
grid50km,1943,preservedSpecimen,25880,12,2,4
grid50km,1944,all,29603,12,1,1
grid50km,1944,fossilSpecimen,1,1,0,
grid50km,1944,humanObservation,3116,12,0,
grid50km,1944,materialCitation,5,3,1,1
grid50km,1944,materialSample,1,1,0,
grid50km,1944,occurrence,145,6,6,82
grid50km,1944,preservedSpecimen,26335,12,1,1
grid50km,1945,all,29428,12,0,
grid50km,1945,fossilSpecimen,33,2,2,33
grid50km,1945,humanObservation,3344,12,0,
grid50km,1945,materialCitation,4,4,1,1
grid50km,1945,materialSample,9,4,0,
grid50km,1945,occurrence,101,7,6,100
grid50km,1945,preservedSpecimen,25937,12,0,
grid50km,1946,all,32105,12,11,21
grid50km,1946,fossilSpecimen,25,2,5,9
grid50km,1946,humanObservation,6863,12,0,
grid50km,1946,materialCitation,3,3,1,1
grid50km,1946,materialSample,8,4,0,
grid50km,1946,occurrence,191,8,14,87
grid50km,1946,preservedSpecimen,25015,12,8,12
grid50km,1947,all,31835,12,8,19
grid50km,1947,fossilSpecimen,45,2,5,16
grid50km,1947,humanObservation,5215,12,0,
grid50km,1947,materialCitation,3,1,0,
grid50km,1947,materialSample,20,4,0,
grid50km,1947,occurrence,581,11,24,176
grid50km,1947,preservedSpecimen,25971,12,12,23
grid50km,1948,all,34643,12,7,16
grid50km,1948,fossilSpecimen,13,2,0,
grid50km,1948,humanObservation,5535,12,0,
grid50km,1948,materialSample,8,4,0,
grid50km,1948,occurrence,233,11,15,393
grid50km,1948,preservedSpecimen,28854,12,11,20
grid50km,1949,all,34819,12,4,5
grid50km,1949,fossilSpecimen,24,1,6,22
grid50km,1949,humanObservation,5302,12,0,
grid50km,1949,materialCitation,1,1,0,
grid50km,1949,materialSample,8,6,0,
grid50km,1949,occurrence,109,9,6,92
grid50km,1949,preservedSpecimen,29375,12,6,8
grid50km,1950,all,32957,12,0,
grid50km,1950,fossilSpecimen,1,1,0,
grid50km,1950,humanObservation,5708,12,0,
grid50km,1950,livingSpecimen,1,1,0,
grid50km,1950,materialCitation,1,1,0,
grid50km,1950,materialSample,12,3,0,
grid50km,1950,occurrence,1,1,0,
grid50km,1950,preservedSpecimen,27233,12,0,
grid50km,1951,all,27572,12,1,9
grid50km,1951,fossilSpecimen,28,2,1,1
grid50km,1951,humanObservation,4308,12,0,
grid50km,1951,livingSpecimen,1,1,0,
grid50km,1951,materialCitation,8,3,0,
grid50km,1951,materialSample,10,5,0,
grid50km,1951,occurrence,1,1,0,
grid50km,1951,preservedSpecimen,23216,12,1,9
grid50km,1952,all,35856,12,1,2
grid50km,1952,fossilSpecimen,12,4,1,4
grid50km,1952,humanObservation,3529,12,0,
grid50km,1952,livingSpecimen,4,2,0,
grid50km,1952,materialCitation,4,3,1,2
grid50km,1952,materialSample,5,3,0,
grid50km,1952,occurrence,8,2,0,
grid50km,1952,preservedSpecimen,32294,12,1,1
grid50km,1953,all,32724,12,0,
grid50km,1953,fossilSpecimen,83,4,8,67
grid50km,1953,humanObservation,5552,12,0,
grid50km,1953,livingSpecimen,6,2,0,
grid50km,1953,materialSample,3,3,0,
grid50km,1953,occurrence,3,2,0,
grid50km,1953,preservedSpecimen,27077,12,0,
grid50km,1954,all,48910,12,0,
grid50km,1954,fossilSpecimen,132,1,2,5
grid50km,1954,humanObservation,13811,12,0,
grid50km,1954,livingSpecimen,1,1,0,
grid50km,1954,materialCitation,6,2,0,
grid50km,1954,materialSample,4,2,0,
grid50km,1954,occurrence,3,3,1,36
grid50km,1954,preservedSpecimen,34953,12,0,
grid50km,1955,all,38858,12,1,2
grid50km,1955,fossilSpecimen,5,2,0,
grid50km,1955,humanObservation,11547,12,0,
grid50km,1955,livingSpecimen,1,1,0,
grid50km,1955,materialCitation,2,2,1,2
grid50km,1955,materialSample,3,2,0,
grid50km,1955,occurrence,5,4,3,46
grid50km,1955,preservedSpecimen,27295,12,1,2
grid50km,1956,all,37219,12,0,
grid50km,1956,fossilSpecimen,12,2,0,
grid50km,1956,humanObservation,10070,12,0,
grid50km,1956,materialCitation,1,1,1,1
grid50km,1956,materialSample,4,2,0,
grid50km,1956,occurrence,5,3,1,2
grid50km,1956,preservedSpecimen,27127,12,0,
grid50km,1957,all,42333,12,0,
grid50km,1957,fossilSpecimen,163,2,1,3
grid50km,1957,humanObservation,17104,12,0,
grid50km,1957,materialSample,3,3,0,
grid50km,1957,occurrence,3,2,0,
grid50km,1957,preservedSpecimen,25060,12,0,
grid50km,1958,all,34478,12,0,
grid50km,1958,fossilSpecimen,69,1,0,
grid50km,1958,humanObservation,15953,12,0,
grid50km,1958,livingSpecimen,1,1,0,
grid50km,1958,materialCitation,3,1,0,
grid50km,1958,materialSample,4,3,0,
grid50km,1958,occurrence,4,3,1,5
grid50km,1958,preservedSpecimen,18444,12,1,3
grid50km,1959,all,45754,12,1,79
grid50km,1959,fossilSpecimen,39,2,0,
grid50km,1959,humanObservation,23121,12,0,
grid50km,1959,materialSample,1,1,0,
grid50km,1959,occurrence,3,2,0,
grid50km,1959,preservedSpecimen,22590,12,1,79
grid50km,1960,all,54959,12,0,
grid50km,1960,fossilSpecimen,23,2,1,2
grid50km,1960,humanObservation,30983,12,0,
grid50km,1960,materialCitation,1,1,1,1
grid50km,1960,materialSample,8,2,0,
grid50km,1960,occurrence,3,2,0,
grid50km,1960,preservedSpecimen,23941,12,0,
grid50km,1961,all,68564,12,0,
grid50km,1961,fossilSpecimen,26,1,1,1
grid50km,1961,humanObservation,42670,12,0,
grid50km,1961,livingSpecimen,5,2,0,
grid50km,1961,materialCitation,2,2,1,3
grid50km,1961,materialSample,2,2,0,
grid50km,1961,occurrence,5,2,0,
grid50km,1961,preservedSpecimen,25854,12,0,
grid50km,1962,all,76899,12,0,
grid50km,1962,fossilSpecimen,70,1,0,
grid50km,1962,humanObservation,53822,12,0,
grid50km,1962,livingSpecimen,1,1,0,
grid50km,1962,materialCitation,1,1,1,2
grid50km,1962,materialSample,5,2,0,
grid50km,1962,preservedSpecimen,23000,12,0,
grid50km,1963,all,94062,12,0,
grid50km,1963,fossilSpecimen,172,4,0,
grid50km,1963,humanObservation,60579,12,0,
grid50km,1963,livingSpecimen,4,1,1,2
grid50km,1963,machineObservation,1,1,0,
grid50km,1963,occurrence,1,1,1,5
grid50km,1963,preservedSpecimen,33305,12,1,16
grid50km,1964,all,100346,12,1,3
grid50km,1964,fossilSpecimen,30,1,1,2328
grid50km,1964,humanObservation,70323,12,0,
grid50km,1964,livingSpecimen,1,1,0,
grid50km,1964,materialCitation,3,2,1,1
grid50km,1964,materialSample,2,2,0,
grid50km,1964,occurrence,4,2,2,11
grid50km,1964,preservedSpecimen,29983,12,1,3
grid50km,1965,all,105419,12,4,5
grid50km,1965,fossilSpecimen,47,3,0,
grid50km,1965,humanObservation,77394,12,0,
grid50km,1965,livingSpecimen,8,2,0,
grid50km,1965,machineObservation,7,2,0,
grid50km,1965,materialCitation,2,2,0,
grid50km,1965,materialSample,6,2,0,
grid50km,1965,preservedSpecimen,27955,12,6,8
grid50km,1966,all,110123,12,0,
grid50km,1966,fossilSpecimen,9,4,1,96
grid50km,1966,humanObservation,83870,12,0,
grid50km,1966,livingSpecimen,3,1,0,
grid50km,1966,machineObservation,2,2,0,
grid50km,1966,materialCitation,2,2,0,
grid50km,1966,materialSample,31,4,0,
grid50km,1966,preservedSpecimen,26206,12,4,71
grid50km,1967,all,102539,12,0,
grid50km,1967,fossilSpecimen,80,3,2,36
grid50km,1967,humanObservation,73924,12,0,
grid50km,1967,livingSpecimen,1,1,0,
grid50km,1967,machineObservation,7,1,0,
grid50km,1967,materialCitation,1,1,1,1
grid50km,1967,materialSample,16,4,0,
grid50km,1967,occurrence,2,2,1,3
grid50km,1967,preservedSpecimen,28508,12,0,
grid50km,1968,all,112559,12,1,3
grid50km,1968,fossilSpecimen,70,4,1,209
grid50km,1968,humanObservation,83125,12,0,
grid50km,1968,livingSpecimen,1,1,0,
grid50km,1968,materialCitation,1,1,0,
grid50km,1968,materialSample,7,2,0,
grid50km,1968,occurrence,5,2,2,105
grid50km,1968,preservedSpecimen,29350,12,1,3
grid50km,1969,all,116609,12,0,
grid50km,1969,fossilSpecimen,122,3,0,
grid50km,1969,humanObservation,83400,12,0,
grid50km,1969,livingSpecimen,7,1,1,7
grid50km,1969,materialCitation,8,1,1,8
grid50km,1969,materialSample,8,3,0,
grid50km,1969,occurrence,3,1,0,
grid50km,1969,preservedSpecimen,33061,12,3,13
grid50km,1970,all,148465,12,1,8
grid50km,1970,fossilSpecimen,23,2,0,
grid50km,1970,humanObservation,119788,12,0,
grid50km,1970,materialSample,2,1,0,
grid50km,1970,occurrence,4,2,2,23
grid50km,1970,preservedSpecimen,28648,12,3,76
grid50km,1971,all,175460,12,2,101
grid50km,1971,fossilSpecimen,5,2,2,272
grid50km,1971,humanObservation,142756,12,0,
grid50km,1971,livingSpecimen,1,1,0,
grid50km,1971,materialCitation,8,1,1,8
grid50km,1971,materialSample,12,4,0,
grid50km,1971,observation,10,1,3,10
grid50km,1971,occurrence,10,2,1,15
grid50km,1971,preservedSpecimen,32658,12,2,100
grid50km,1972,all,216183,12,0,
grid50km,1972,fossilSpecimen,65,3,2,16
grid50km,1972,humanObservation,178738,12,0,
grid50km,1972,livingSpecimen,1,1,0,
grid50km,1972,materialCitation,1,1,1,2
grid50km,1972,materialSample,469,7,0,
grid50km,1972,occurrence,7,2,0,
grid50km,1972,preservedSpecimen,36902,12,1,3
grid50km,1973,all,221736,12,5,9
grid50km,1973,fossilSpecimen,2,1,0,
grid50km,1973,humanObservation,190859,12,0,
grid50km,1973,materialCitation,4,3,0,
grid50km,1973,materialSample,577,4,0,
grid50km,1973,occurrence,23,4,3,18
grid50km,1973,preservedSpecimen,30271,12,7,19
grid50km,1974,all,230324,12,1,1
grid50km,1974,fossilSpecimen,9,1,0,
grid50km,1974,humanObservation,203607,12,0,
grid50km,1974,materialCitation,9,4,1,1
grid50km,1974,materialSample,8,3,0,
grid50km,1974,occurrence,10,2,1,27
grid50km,1974,preservedSpecimen,26681,12,1,1
grid50km,1975,all,276014,12,1,1
grid50km,1975,fossilSpecimen,14,2,0,
grid50km,1975,humanObservation,247247,12,0,
grid50km,1975,livingSpecimen,2,2,0,
grid50km,1975,materialCitation,5,3,2,10
grid50km,1975,materialSample,7,3,0,
grid50km,1975,observation,2,1,2,2
grid50km,1975,occurrence,1,1,0,
grid50km,1975,preservedSpecimen,28736,12,1,1
grid50km,1976,all,327807,12,1,34
grid50km,1976,fossilSpecimen,9,2,0,
grid50km,1976,humanObservation,302912,12,0,
grid50km,1976,materialCitation,1,1,0,
grid50km,1976,materialSample,12,3,0,
grid50km,1976,occurrence,6,5,0,
grid50km,1976,preservedSpecimen,24867,12,1,34
grid50km,1977,all,316316,12,3,8
grid50km,1977,fossilSpecimen,5,1,1,1
grid50km,1977,humanObservation,289143,12,0,
grid50km,1977,materialCitation,4,3,1,1
grid50km,1977,materialSample,153,5,0,
grid50km,1977,occurrence,3,2,1,19
grid50km,1977,preservedSpecimen,27008,12,4,9
grid50km,1978,all,316572,12,0,
grid50km,1978,fossilSpecimen,8,1,1,13
grid50km,1978,humanObservation,289100,12,0,
grid50km,1978,livingSpecimen,1,1,0,
grid50km,1978,materialSample,13,4,0,
grid50km,1978,occurrence,7,4,5,46
grid50km,1978,preservedSpecimen,27443,12,0,
grid50km,1979,all,280652,12,0,
grid50km,1979,fossilSpecimen,3,2,1,2
grid50km,1979,humanObservation,255185,12,0,
grid50km,1979,livingSpecimen,230,2,29,164
grid50km,1979,materialSample,426,10,0,
grid50km,1979,occurrence,10,2,5,24
grid50km,1979,preservedSpecimen,24798,12,0,
grid50km,1980,all,353247,12,3,5
grid50km,1980,fossilSpecimen,20,2,0,
grid50km,1980,humanObservation,320571,12,0,
grid50km,1980,livingSpecimen,189,1,8,193
grid50km,1980,materialCitation,2,1,0,
grid50km,1980,materialSample,408,12,0,
grid50km,1980,occurrence,10,4,2,16
grid50km,1980,preservedSpecimen,32047,12,4,26
grid50km,1981,all,414808,12,1,1
grid50km,1981,fossilSpecimen,3,1,0,
grid50km,1981,humanObservation,383055,12,0,
grid50km,1981,livingSpecimen,40,1,0,
grid50km,1981,materialSample,249,8,0,
grid50km,1981,occurrence,15,6,4,90
grid50km,1981,preservedSpecimen,31446,12,1,1
grid50km,1982,all,450440,12,6,9
grid50km,1982,fossilSpecimen,4,1,0,
grid50km,1982,humanObservation,426545,12,1,1
grid50km,1982,livingSpecimen,55,3,2,8
grid50km,1982,materialSample,257,7,0,
grid50km,1982,observation,12,1,3,12
grid50km,1982,occurrence,4,2,0,
grid50km,1982,preservedSpecimen,23563,12,6,10
grid50km,1983,all,435357,12,3,7
grid50km,1983,humanObservation,407648,12,2,2
grid50km,1983,livingSpecimen,73,3,0,
grid50km,1983,materialSample,906,11,0,
grid50km,1983,occurrence,4,3,1,3
grid50km,1983,preservedSpecimen,26726,12,1,1
grid50km,1984,all,564887,12,3,4
grid50km,1984,fossilSpecimen,8,2,1,71
grid50km,1984,humanObservation,532798,12,0,
grid50km,1984,materialSample,1251,12,0,
grid50km,1984,occurrence,6,3,4,113
grid50km,1984,preservedSpecimen,30824,12,3,3
grid50km,1985,all,590841,12,7,9
grid50km,1985,humanObservation,563737,12,0,
grid50km,1985,livingSpecimen,34,1,0,
grid50km,1985,materialCitation,1,1,1,3
grid50km,1985,materialSample,1144,11,0,
grid50km,1985,occurrence,6,5,2,105
grid50km,1985,preservedSpecimen,25919,12,7,8
grid50km,1986,all,626868,12,12,176
grid50km,1986,fossilSpecimen,26,2,0,
grid50km,1986,humanObservation,600259,12,1,1
grid50km,1986,livingSpecimen,1,1,0,
grid50km,1986,materialSample,2046,12,0,
grid50km,1986,observation,8,1,4,8
grid50km,1986,occurrence,5,3,0,
grid50km,1986,preservedSpecimen,24523,12,15,332
grid50km,1987,all,597501,12,10,17
grid50km,1987,humanObservation,570638,12,0,
grid50km,1987,livingSpecimen,13,1,0,
grid50km,1987,materialSample,2155,12,0,
grid50km,1987,observation,2,1,2,2
grid50km,1987,occurrence,3,2,0,
grid50km,1987,preservedSpecimen,24690,12,12,18
grid50km,1988,all,700738,12,9,14
grid50km,1988,fossilSpecimen,2,1,1,229
grid50km,1988,humanObservation,667616,12,0,
grid50km,1988,materialSample,1933,12,0,
grid50km,1988,occurrence,1,1,0,
grid50km,1988,preservedSpecimen,31186,12,16,297
grid50km,1989,all,736360,12,4,4
grid50km,1989,fossilSpecimen,14,1,0,
grid50km,1989,humanObservation,705452,12,1,1
grid50km,1989,livingSpecimen,1,1,1,1
grid50km,1989,materialCitation,3,1,0,
grid50km,1989,materialSample,2197,12,0,
grid50km,1989,occurrence,4,3,2,26
grid50km,1989,preservedSpecimen,28689,12,6,9
grid50km,1990,all,894391,12,7,10
grid50km,1990,humanObservation,858474,12,0,
grid50km,1990,livingSpecimen,1,1,0,
grid50km,1990,materialCitation,3,2,0,
grid50km,1990,materialSample,3977,12,0,
grid50km,1990,occurrence,22,2,0,
grid50km,1990,preservedSpecimen,31914,12,10,15
grid50km,1991,all,792697,12,13,24
grid50km,1991,humanObservation,754788,12,0,
grid50km,1991,livingSpecimen,3,1,2,2
grid50km,1991,materialCitation,7,5,0,
grid50km,1991,materialSample,5051,12,0,
grid50km,1991,preservedSpecimen,32848,12,16,24
grid50km,1992,all,873287,12,4,6
grid50km,1992,humanObservation,832749,12,0,
grid50km,1992,materialCitation,4,2,0,
grid50km,1992,materialSample,5297,12,0,
grid50km,1992,observation,165,1,2,102
grid50km,1992,preservedSpecimen,35072,12,5,6
grid50km,1993,all,1004035,12,2,2
grid50km,1993,fossilSpecimen,1,1,1,35
grid50km,1993,humanObservation,952166,12,0,
grid50km,1993,livingSpecimen,1,1,0,
grid50km,1993,materialCitation,4,3,1,1
grid50km,1993,materialSample,11990,12,0,
grid50km,1993,occurrence,1,1,0,
grid50km,1993,preservedSpecimen,39872,12,2,2
grid50km,1994,all,937647,12,1,4
grid50km,1994,humanObservation,888369,12,0,
grid50km,1994,materialCitation,5,3,1,2
grid50km,1994,materialSample,13290,12,0,
grid50km,1994,observation,54,1,1,117
grid50km,1994,occurrence,58,3,2,44
grid50km,1994,preservedSpecimen,35871,12,1,2
grid50km,1995,all,965940,12,2,5
grid50km,1995,humanObservation,916759,12,0,
grid50km,1995,materialCitation,2,1,0,
grid50km,1995,materialSample,13662,12,0,
grid50km,1995,observation,1396,2,3,1396
grid50km,1995,occurrence,7,4,2,34
grid50km,1995,preservedSpecimen,34114,12,3,5
grid50km,1996,all,994332,12,4,14
grid50km,1996,fossilSpecimen,23,2,0,
grid50km,1996,humanObservation,942384,12,1,1
grid50km,1996,materialCitation,5,2,0,
grid50km,1996,materialSample,10975,12,0,
grid50km,1996,occurrence,4,2,1,1
grid50km,1996,preservedSpecimen,40941,12,10,52
grid50km,1997,all,987474,12,4,7
grid50km,1997,humanObservation,936539,12,0,
grid50km,1997,livingSpecimen,3,2,0,
grid50km,1997,machineObservation,407,2,0,
grid50km,1997,materialCitation,6,5,0,
grid50km,1997,materialSample,11393,12,0,
grid50km,1997,occurrence,3,2,1,11
grid50km,1997,preservedSpecimen,39123,12,6,38
grid50km,1998,all,1013034,12,0,
grid50km,1998,humanObservation,962537,12,0,
grid50km,1998,livingSpecimen,30,2,2,9
grid50km,1998,materialCitation,3,2,0,
grid50km,1998,materialSample,11665,12,0,
grid50km,1998,occurrence,15,1,3,61
grid50km,1998,preservedSpecimen,38784,12,1,37
grid50km,1999,all,1016593,12,6,67
grid50km,1999,humanObservation,967792,12,0,
grid50km,1999,livingSpecimen,14,2,8,8
grid50km,1999,machineObservation,781,3,0,
grid50km,1999,materialCitation,3,2,0,
grid50km,1999,materialSample,12925,12,0,
grid50km,1999,occurrence,3,2,0,
grid50km,1999,preservedSpecimen,35075,12,0,
grid50km,2000,all,1196999,12,0,
grid50km,2000,humanObservation,1130344,12,2,26
grid50km,2000,livingSpecimen,150,6,3,63
grid50km,2000,machineObservation,442,2,0,
grid50km,2000,materialCitation,4,3,0,
grid50km,2000,materialSample,30180,12,0,
grid50km,2000,occurrence,34,6,4,69
grid50km,2000,preservedSpecimen,35845,12,0,
grid50km,2001,all,1343894,12,0,
grid50km,2001,fossilSpecimen,57,1,0,
grid50km,2001,humanObservation,1294127,12,3,104
grid50km,2001,livingSpecimen,130,5,2,3
grid50km,2001,machineObservation,271,2,0,
grid50km,2001,materialCitation,4,2,0,
grid50km,2001,materialSample,17313,12,0,
grid50km,2001,observation,228,1,3,228
grid50km,2001,occurrence,11,3,2,44
grid50km,2001,preservedSpecimen,31753,12,0,
grid50km,2002,all,1524183,12,1,106
grid50km,2002,fossilSpecimen,15,1,1,339
grid50km,2002,humanObservation,1474084,12,1,48
grid50km,2002,livingSpecimen,48,4,10,104
grid50km,2002,machineObservation,92,1,0,
grid50km,2002,materialCitation,4,3,0,
grid50km,2002,materialSample,15255,12,0,
grid50km,2002,occurrence,215,11,1,10
grid50km,2002,preservedSpecimen,34470,12,2,107
grid50km,2003,all,1826142,12,0,
grid50km,2003,humanObservation,1757116,12,0,
grid50km,2003,livingSpecimen,29,4,1,16
grid50km,2003,materialCitation,18,5,7,13
grid50km,2003,materialSample,20335,12,0,
grid50km,2003,occurrence,228,12,2,29
grid50km,2003,preservedSpecimen,48416,12,0,
grid50km,2004,all,2214378,12,2,5
grid50km,2004,fossilSpecimen,1,1,1,88
grid50km,2004,humanObservation,2140826,12,1,1
grid50km,2004,livingSpecimen,69,4,5,46
grid50km,2004,machineObservation,169,1,0,
grid50km,2004,materialCitation,19,7,0,
grid50km,2004,materialSample,22745,12,0,
grid50km,2004,occurrence,10,3,3,68
grid50km,2004,preservedSpecimen,50539,12,3,6
grid50km,2005,all,2365319,12,0,
grid50km,2005,fossilSpecimen,8,2,1,204
grid50km,2005,humanObservation,2297036,12,0,
grid50km,2005,livingSpecimen,153,5,19,130
grid50km,2005,machineObservation,141,1,0,
grid50km,2005,materialCitation,20,7,1,1
grid50km,2005,materialSample,20146,12,0,
grid50km,2005,occurrence,289,5,2,48
grid50km,2005,preservedSpecimen,47526,12,3,690
grid50km,2006,all,2921769,12,0,
grid50km,2006,humanObservation,2846158,12,0,
grid50km,2006,livingSpecimen,2,2,1,1
grid50km,2006,machineObservation,67,1,0,
grid50km,2006,materialCitation,14,6,0,
grid50km,2006,materialSample,33090,12,0,
grid50km,2006,occurrence,26,1,2,123
grid50km,2006,preservedSpecimen,42412,12,0,
grid50km,2007,all,3361720,12,1,2
grid50km,2007,fossilSpecimen,13,2,0,
grid50km,2007,humanObservation,3271551,12,1,1
grid50km,2007,livingSpecimen,141,5,20,138
grid50km,2007,machineObservation,1,1,0,
grid50km,2007,materialCitation,17,6,1,5
grid50km,2007,materialSample,40209,12,0,
grid50km,2007,occurrence,3,1,0,
grid50km,2007,preservedSpecimen,49785,12,1,10
grid50km,2008,all,3712272,12,1,499
grid50km,2008,fossilSpecimen,15,2,1,593
grid50km,2008,humanObservation,3594812,12,1,3
grid50km,2008,livingSpecimen,25,6,3,5
grid50km,2008,materialCitation,6,4,0,
grid50km,2008,materialSample,60347,12,0,
grid50km,2008,occurrence,8,4,2,17
grid50km,2008,preservedSpecimen,57059,12,1,41
grid50km,2009,all,3842816,12,3,6
grid50km,2009,humanObservation,3742948,12,3,3
grid50km,2009,livingSpecimen,43,9,6,139
grid50km,2009,machineObservation,182,5,1,3
grid50km,2009,materialCitation,7,5,4,24
grid50km,2009,materialSample,61590,12,0,
grid50km,2009,occurrence,41,3,2,112
grid50km,2009,preservedSpecimen,38005,12,1,77
grid50km,2010,all,3977273,12,1,1
grid50km,2010,humanObservation,3878012,12,1,1
grid50km,2010,livingSpecimen,52,6,16,208
grid50km,2010,machineObservation,724,6,4,10
grid50km,2010,materialCitation,2,1,0,
grid50km,2010,materialSample,62761,12,1,17
grid50km,2010,occurrence,13,2,0,
grid50km,2010,preservedSpecimen,35709,12,1,22
grid50km,2011,all,4169095,12,0,
grid50km,2011,fossilSpecimen,4,1,1,1266
grid50km,2011,humanObservation,4063262,12,0,
grid50km,2011,livingSpecimen,25,5,2,12
grid50km,2011,machineObservation,901,6,6,11
grid50km,2011,materialCitation,9,4,0,
grid50km,2011,materialSample,60826,12,1,11
grid50km,2011,occurrence,48,6,5,184
grid50km,2011,preservedSpecimen,44020,12,0,
grid50km,2012,all,4299181,12,1,5
grid50km,2012,humanObservation,4198524,12,0,
grid50km,2012,livingSpecimen,47,5,2,42
grid50km,2012,machineObservation,526,5,21,945
grid50km,2012,materialCitation,11,7,3,7
grid50km,2012,materialSample,60949,12,1,2
grid50km,2012,occurrence,12,4,4,197
grid50km,2012,preservedSpecimen,39112,12,0,
grid50km,2013,all,4307797,12,1,1
grid50km,2013,humanObservation,4212243,12,0,
grid50km,2013,livingSpecimen,59,6,8,115
grid50km,2013,machineObservation,218,8,19,357
grid50km,2013,materialCitation,31,8,8,28
grid50km,2013,materialSample,61314,12,0,
grid50km,2013,observation,1,1,1,1
grid50km,2013,occurrence,175,9,1,32
grid50km,2013,preservedSpecimen,33756,12,1,1
grid50km,2014,all,4710746,12,0,
grid50km,2014,humanObservation,4570406,12,0,
grid50km,2014,livingSpecimen,2,2,2,149
grid50km,2014,machineObservation,20,8,0,
grid50km,2014,materialCitation,39,8,5,23
grid50km,2014,materialSample,98648,12,3,8
grid50km,2014,occurrence,215,11,1,113
grid50km,2014,preservedSpecimen,41416,12,0,
grid50km,2015,all,4406378,12,3,4
grid50km,2015,humanObservation,4311404,12,4,20
grid50km,2015,livingSpecimen,6,3,1,5
grid50km,2015,machineObservation,1253,9,1,1
grid50km,2015,materialCitation,17,7,2,4
grid50km,2015,materialSample,60789,12,2,12
grid50km,2015,occurrence,222,12,1,4
grid50km,2015,preservedSpecimen,32687,12,0,
grid50km,2016,all,4684797,12,1,199
grid50km,2016,humanObservation,4512449,12,0,
grid50km,2016,livingSpecimen,100,2,3,104
grid50km,2016,machineObservation,32506,12,0,
grid50km,2016,materialCitation,74,8,3,20
grid50km,2016,materialSample,108479,12,2,2069
grid50km,2016,occurrence,35,3,4,1119
grid50km,2016,preservedSpecimen,31154,12,1,198
grid50km,2017,all,4866278,12,2,2
grid50km,2017,humanObservation,4774330,12,2,2
grid50km,2017,livingSpecimen,7,4,2,5
grid50km,2017,machineObservation,3021,11,0,
grid50km,2017,materialCitation,85,8,23,154
grid50km,2017,materialSample,55179,12,0,
grid50km,2017,occurrence,4,1,0,
grid50km,2017,preservedSpecimen,33652,12,0,
grid50km,2018,all,4977430,12,14,195
grid50km,2018,humanObservation,4895938,12,15,19
grid50km,2018,livingSpecimen,9,5,2,14
grid50km,2018,machineObservation,2563,11,0,
grid50km,2018,materialCitation,33,8,10,202
grid50km,2018,materialSample,52095,12,5,881
grid50km,2018,occurrence,8,1,1,77
grid50km,2018,preservedSpecimen,26784,12,2,1353
grid50km,2019,all,6707255,12,22,37
grid50km,2019,humanObservation,5464435,12,22,29
grid50km,2019,livingSpecimen,3,2,1,15
grid50km,2019,machineObservation,1180,12,2,3
grid50km,2019,materialCitation,23,6,5,72
grid50km,2019,materialSample,1214588,12,15,45690
grid50km,2019,preservedSpecimen,27026,12,2,475
grid50km,2020,all,6726795,12,18,167
grid50km,2020,humanObservation,6627391,12,17,45
grid50km,2020,livingSpecimen,3,1,1,36
grid50km,2020,machineObservation,2950,12,9,80
grid50km,2020,materialCitation,1,1,1,8
grid50km,2020,materialSample,62024,12,16,5468
grid50km,2020,preservedSpecimen,34426,12,1,3244
grid50km,2021,all,6937143,12,45,132
grid50km,2021,fossilSpecimen,34,1,1,34
grid50km,2021,humanObservation,6826219,12,43,100
grid50km,2021,livingSpecimen,5,1,3,103
grid50km,2021,machineObservation,2404,12,9,120
grid50km,2021,materialCitation,2,2,2,19
grid50km,2021,materialSample,79388,12,21,32273
grid50km,2021,occurrence,9,5,3,104
grid50km,2021,preservedSpecimen,29082,12,4,3206
grid50km,2022,all,7160302,12,77,452
grid50km,2022,humanObservation,7048725,12,70,147
grid50km,2022,machineObservation,4965,12,20,433
grid50km,2022,materialSample,70032,12,45,68086
grid50km,2022,occurrence,5,4,4,29
grid50km,2022,preservedSpecimen,36575,12,6,3677
grid50km,2023,all,7226918,12,79,767
grid50km,2023,humanObservation,7151261,12,72,238
grid50km,2023,machineObservation,8757,12,62,6446
grid50km,2023,materialSample,38710,12,59,529510
grid50km,2023,occurrence,3,2,3,47
grid50km,2023,preservedSpecimen,28187,12,8,23873
grid50km,2024,all,7465457,12,49,6271
grid50km,2024,humanObservation,7423822,12,49,4473
grid50km,2024,machineObservation,1755,12,48,37184
grid50km,2024,materialSample,16965,12,74,1247531
grid50km,2024,occurrence,11,4,4,210
grid50km,2024,preservedSpecimen,22904,12,34,157070
grid50km,2025,all,7001677,12,278,134230080
grid50km,2025,humanObservation,6989175,12,278,127822607
grid50km,2025,machineObservation,116,6,22,20836
grid50km,2025,materialSample,249,12,55,611595
grid50km,2025,occurrence,6,4,6,721
grid50km,2025,preservedSpecimen,12131,12,190,3589151
