grid,year,basisofrecord,n_families,total_occurrences
grid10km,1914,fossilSpecimen,39,599
grid10km,1929,fossilSpecimen,18,220
grid10km,1922,fossilSpecimen,17,177
grid10km,1935,fossilSpecimen,6,27
grid10km,1920,fossilSpecimen,22,128
grid10km,1893,fossilSpecimen,11,54
grid10km,1967,fossilSpecimen,17,80
grid10km,1905,fossilSpecimen,11,140
grid10km,1913,fossilSpecimen,45,456
grid10km,1988,fossilSpecimen,2,2
grid10km,1946,fossilSpecimen,11,25
grid10km,1907,fossilSpecimen,2,2
grid10km,1933,fossilSpecimen,1,6
grid10km,1930,fossilSpecimen,14,108
grid10km,1884,fossilSpecimen,13,351
grid10km,1909,fossilSpecimen,22,274
grid10km,1917,fossilSpecimen,12,70
grid10km,1921,fossilSpecimen,17,187
grid10km,1919,fossilSpecimen,19,86
grid10km,1923,fossilSpecimen,15,437
grid10km,1928,fossilSpecimen,22,325
grid10km,1932,fossilSpecimen,21,102
grid10km,1939,fossilSpecimen,11,113
grid10km,1918,fossilSpecimen,13,48
grid10km,1931,fossilSpecimen,12,207
grid10km,1943,fossilSpecimen,2,15
grid10km,1886,fossilSpecimen,17,189
grid10km,1916,fossilSpecimen,17,69
grid10km,1924,fossilSpecimen,8,23
grid10km,1937,fossilSpecimen,11,103
grid10km,1986,fossilSpecimen,4,26
grid10km,1969,fossilSpecimen,18,122
grid10km,1902,fossilSpecimen,5,7
grid10km,1894,fossilSpecimen,16,60
grid10km,1892,fossilSpecimen,11,26
grid10km,1889,fossilSpecimen,9,28
grid10km,1953,fossilSpecimen,24,83
grid10km,1949,fossilSpecimen,11,24
grid10km,1947,fossilSpecimen,17,45
grid10km,1927,fossilSpecimen,8,111
grid10km,1934,fossilSpecimen,3,14
grid10km,1936,fossilSpecimen,3,22
grid10km,1952,fossilSpecimen,5,12
grid10km,1890,fossilSpecimen,8,22
grid10km,1912,fossilSpecimen,7,10
grid10km,1887,fossilSpecimen,2,2
grid10km,1881,fossilSpecimen,1,1
grid10km,1898,fossilSpecimen,5,9
grid10km,1915,fossilSpecimen,4,5
grid10km,1891,fossilSpecimen,9,93
grid10km,1896,fossilSpecimen,12,52
grid10km,1957,fossilSpecimen,11,163
grid10km,1904,fossilSpecimen,9,64
grid10km,1895,fossilSpecimen,6,20
grid10km,1906,fossilSpecimen,4,9
grid10km,1885,fossilSpecimen,7,97
grid10km,1897,fossilSpecimen,2,13
grid10km,1925,fossilSpecimen,2,8
grid10km,1954,fossilSpecimen,17,132
grid10km,1908,fossilSpecimen,24,342
grid10km,1888,fossilSpecimen,3,16
grid10km,1944,fossilSpecimen,1,1
grid10km,1910,fossilSpecimen,6,9
grid10km,1938,fossilSpecimen,6,38
grid10km,1977,fossilSpecimen,4,5
grid10km,1979,fossilSpecimen,3,3
grid10km,1911,fossilSpecimen,1,2
grid10km,1940,fossilSpecimen,1,3
grid10km,1958,fossilSpecimen,7,69
grid10km,1951,fossilSpecimen,8,28
grid10km,1968,fossilSpecimen,11,70
grid10km,1982,fossilSpecimen,2,4
grid10km,1980,fossilSpecimen,2,20
grid10km,1970,fossilSpecimen,10,23
grid10km,1882,fossilSpecimen,7,154
grid10km,1880,fossilSpecimen,10,45
grid10km,1945,fossilSpecimen,11,33
grid10km,1960,fossilSpecimen,11,23
grid10km,1963,fossilSpecimen,7,172
grid10km,1989,fossilSpecimen,4,14
grid10km,1948,fossilSpecimen,3,13
grid10km,2008,fossilSpecimen,3,15
grid10km,1972,fossilSpecimen,9,65
grid10km,1974,fossilSpecimen,4,9
grid10km,1996,fossilSpecimen,6,23
grid10km,1964,fossilSpecimen,8,30
grid10km,1955,fossilSpecimen,2,5
grid10km,1956,fossilSpecimen,4,12
grid10km,1877,fossilSpecimen,1,1
grid10km,1962,fossilSpecimen,9,70
grid10km,1971,fossilSpecimen,4,5
grid10km,1976,fossilSpecimen,3,9
grid10km,1981,fossilSpecimen,2,3
grid10km,1966,fossilSpecimen,7,9
grid10km,1984,fossilSpecimen,4,8
grid10km,1883,fossilSpecimen,1,4
grid10km,1879,fossilSpecimen,1,7
grid10km,1926,fossilSpecimen,2,3
grid10km,1941,fossilSpecimen,4,30
grid10km,2011,fossilSpecimen,1,4
grid10km,1965,fossilSpecimen,7,47
grid10km,1978,fossilSpecimen,5,8
grid10km,1973,fossilSpecimen,2,2
grid10km,2021,fossilSpecimen,1,34
grid10km,1993,fossilSpecimen,1,1
grid10km,1975,fossilSpecimen,5,14
grid10km,2001,fossilSpecimen,1,57
grid10km,2002,fossilSpecimen,1,15
grid10km,2004,fossilSpecimen,1,1
grid10km,1959,fossilSpecimen,3,39
grid10km,1950,fossilSpecimen,1,1
grid10km,1827,fossilSpecimen,1,1
grid10km,1961,fossilSpecimen,3,26
grid10km,2007,fossilSpecimen,3,13
grid10km,2005,fossilSpecimen,2,8
grid10km,1942,fossilSpecimen,3,29
grid10km,1871,fossilSpecimen,1,24
grid10km,1914,all,655,19425
grid10km,1929,all,1002,24870
grid10km,1922,all,881,25482
grid10km,1935,all,1091,29500
grid10km,1920,all,621,17526
grid10km,1893,all,460,11348
grid10km,1967,all,1106,102539
grid10km,1905,all,640,15375
grid10km,1913,all,639,20557
grid10km,1988,all,1314,700738
grid10km,1946,all,1104,32105
grid10km,1907,all,572,14438
grid10km,1933,all,944,22896
grid10km,1930,all,944,27013
grid10km,1884,all,518,12604
grid10km,1909,all,648,15135
grid10km,1917,all,627,19610
grid10km,1921,all,756,18029
grid10km,1919,all,717,20448
grid10km,1923,all,736,24197
grid10km,1928,all,1028,28883
grid10km,1932,all,998,29154
grid10km,1939,all,886,25121
grid10km,1918,all,649,20076
grid10km,1931,all,936,21112
grid10km,1943,all,917,28898
grid10km,1886,all,520,12936
grid10km,1916,all,650,20602
grid10km,1924,all,757,21921
grid10km,1937,all,1039,39100
grid10km,1986,all,1229,626868
grid10km,1969,all,988,116609
grid10km,1902,all,528,13742
grid10km,1894,all,487,11126
grid10km,1892,all,562,12242
grid10km,1889,all,590,13147
grid10km,1953,all,895,32724
grid10km,1949,all,951,34819
grid10km,1947,all,999,31835
grid10km,1927,all,1108,32423
grid10km,1934,all,1145,31071
grid10km,1936,all,904,20894
grid10km,1952,all,894,35856
grid10km,1890,all,571,12743
grid10km,1912,all,655,18029
grid10km,1887,all,644,13661
grid10km,1881,all,458,9124
grid10km,1898,all,498,12310
grid10km,1915,all,712,19582
grid10km,1891,all,477,10667
grid10km,1896,all,554,9180
grid10km,1957,all,844,42333
grid10km,1904,all,542,13438
grid10km,1895,all,575,10414
grid10km,1906,all,546,14353
grid10km,1885,all,554,13293
grid10km,1897,all,540,10737
grid10km,1925,all,983,27857
grid10km,1954,all,890,48910
grid10km,1908,all,572,14376
grid10km,1888,all,555,12184
grid10km,1944,all,919,29603
grid10km,1910,all,681,17901
grid10km,1938,all,965,30549
grid10km,1977,all,1177,316316
grid10km,1979,all,1117,280652
grid10km,1911,all,637,15914
grid10km,1940,all,757,17734
grid10km,1958,all,843,34478
grid10km,1951,all,965,27572
grid10km,1968,all,1007,112559
grid10km,1982,all,1082,450440
grid10km,1980,all,1175,353247
grid10km,1970,all,1020,148465
grid10km,1882,all,463,11157
grid10km,1880,all,413,7453
grid10km,1945,all,1000,29428
grid10km,1960,all,955,54959
grid10km,1963,all,1005,94062
grid10km,1989,all,1270,736360
grid10km,1948,all,1003,34643
grid10km,2008,all,1730,3712272
grid10km,1972,all,1129,216183
grid10km,1974,all,1148,230324
grid10km,1996,all,1385,994332
grid10km,1964,all,1031,100346
grid10km,1955,all,866,38858
grid10km,1956,all,888,37219
grid10km,1877,all,438,6587
grid10km,1962,all,927,76899
grid10km,1971,all,1012,175460
grid10km,1976,all,1091,327807
grid10km,1981,all,1169,414808
grid10km,1966,all,989,110123
grid10km,1984,all,1263,564887
grid10km,1883,all,478,10456
grid10km,1879,all,417,6559
grid10km,1926,all,978,32392
grid10km,1941,all,875,22013
grid10km,2011,all,1770,4169095
grid10km,1965,all,1075,105419
grid10km,1978,all,1127,316572
grid10km,1973,all,1098,221736
grid10km,2021,all,2098,6937143
grid10km,1993,all,1531,1004035
grid10km,1975,all,1157,276014
grid10km,2001,all,1488,1343894
grid10km,2002,all,1450,1524183
grid10km,2004,all,1595,2214378
grid10km,1959,all,894,45754
grid10km,1950,all,970,32957
grid10km,1827,all,84,151
grid10km,1961,all,1007,68564
grid10km,2007,all,1872,3361720
grid10km,2005,all,1566,2365319
grid10km,1942,all,859,25487
grid10km,1871,all,401,4390
grid10km,2019,humanObservation,1722,5464435
grid10km,2023,humanObservation,1902,7151261
grid10km,2013,humanObservation,1412,4212243
grid10km,2021,humanObservation,1830,6826219
grid10km,2025,humanObservation,1846,6989175
grid10km,2005,humanObservation,1169,2297036
grid10km,1999,humanObservation,1077,967792
grid10km,2018,humanObservation,1670,4895938
grid10km,2008,humanObservation,1347,3594812
grid10km,2015,humanObservation,1552,4311404
grid10km,2020,humanObservation,1769,6627391
grid10km,2002,humanObservation,1086,1474084
grid10km,2024,humanObservation,1912,7423822
grid10km,2014,humanObservation,1484,4570406
grid10km,2017,humanObservation,1588,4774330
grid10km,1993,humanObservation,1231,952166
grid10km,2010,humanObservation,1389,3878012
grid10km,1992,humanObservation,973,832749
grid10km,2011,humanObservation,1428,4063262
grid10km,2000,humanObservation,1069,1130344
grid10km,1998,humanObservation,1073,962537
grid10km,1990,humanObservation,993,858474
grid10km,1994,humanObservation,1267,888369
grid10km,1995,humanObservation,1001,916759
grid10km,2022,humanObservation,1844,7048725
grid10km,1989,humanObservation,942,705452
grid10km,1986,humanObservation,783,600259
grid10km,2004,humanObservation,1200,2140826
grid10km,2006,humanObservation,1391,2846158
grid10km,2016,humanObservation,1522,4512449
grid10km,2009,humanObservation,1352,3742948
grid10km,1966,humanObservation,372,83870
grid10km,1980,humanObservation,723,320571
grid10km,2012,humanObservation,1376,4198524
grid10km,1996,humanObservation,1044,942384
grid10km,2001,humanObservation,1117,1294127
grid10km,1988,humanObservation,984,667616
grid10km,1987,humanObservation,891,570638
grid10km,2007,humanObservation,1528,3271551
grid10km,1985,humanObservation,783,563737
grid10km,1979,humanObservation,640,255185
grid10km,1983,humanObservation,748,407648
grid10km,2003,humanObservation,1215,1757116
grid10km,1982,humanObservation,737,426545
grid10km,1991,humanObservation,911,754788
grid10km,1977,humanObservation,761,289143
grid10km,1924,humanObservation,185,1340
grid10km,1981,humanObservation,767,383055
grid10km,1997,humanObservation,1095,936539
grid10km,1984,humanObservation,787,532798
grid10km,1965,humanObservation,444,77394
grid10km,1962,humanObservation,332,53822
grid10km,1964,humanObservation,377,70323
grid10km,1933,humanObservation,254,4340
grid10km,1967,humanObservation,385,73924
grid10km,1945,humanObservation,239,3344
grid10km,1958,humanObservation,272,15953
grid10km,1973,humanObservation,542,190859
grid10km,1976,humanObservation,624,302912
grid10km,1946,humanObservation,321,6863
grid10km,1960,humanObservation,377,30983
grid10km,1974,humanObservation,628,203607
grid10km,1930,humanObservation,252,5245
grid10km,1951,humanObservation,303,4308
grid10km,1927,humanObservation,441,3628
grid10km,1968,humanObservation,420,83125
grid10km,1938,humanObservation,216,2380
grid10km,1952,humanObservation,269,3529
grid10km,1949,humanObservation,347,5302
grid10km,1975,humanObservation,649,247247
grid10km,1936,humanObservation,226,2584
grid10km,1925,humanObservation,349,2638
grid10km,1969,humanObservation,413,83400
grid10km,1947,humanObservation,293,5215
grid10km,1950,humanObservation,359,5708
grid10km,1937,humanObservation,292,15438
grid10km,1970,humanObservation,530,119788
grid10km,1944,humanObservation,222,3116
grid10km,1972,humanObservation,597,178738
grid10km,1954,humanObservation,360,13811
grid10km,1961,humanObservation,323,42670
grid10km,1971,humanObservation,486,142756
grid10km,1978,humanObservation,665,289100
grid10km,1928,humanObservation,335,2056
grid10km,1956,humanObservation,300,10070
grid10km,1940,humanObservation,210,1924
grid10km,1908,humanObservation,118,1102
grid10km,1888,humanObservation,94,563
grid10km,1926,humanObservation,408,3001
grid10km,1929,humanObservation,351,2911
grid10km,1919,humanObservation,190,1434
grid10km,1943,humanObservation,223,2958
grid10km,1939,humanObservation,199,1871
grid10km,1935,humanObservation,346,3576
grid10km,1955,humanObservation,332,11547
grid10km,1920,humanObservation,164,1332
grid10km,1957,humanObservation,297,17104
grid10km,1963,humanObservation,374,60579
grid10km,1921,humanObservation,227,1199
grid10km,1948,humanObservation,362,5535
grid10km,1923,humanObservation,224,2776
grid10km,1959,humanObservation,322,23121
grid10km,1922,humanObservation,272,1807
grid10km,1953,humanObservation,259,5552
grid10km,1900,humanObservation,119,527
grid10km,1913,humanObservation,108,552
grid10km,1917,humanObservation,117,666
grid10km,1887,humanObservation,102,807
grid10km,1811,humanObservation,29,69
grid10km,1905,humanObservation,104,1137
grid10km,1817,humanObservation,90,904
grid10km,1842,humanObservation,110,595
grid10km,1901,humanObservation,64,223
grid10km,1874,humanObservation,60,154
grid10km,1899,humanObservation,59,172
grid10km,1885,humanObservation,71,336
grid10km,1880,humanObservation,78,241
grid10km,1814,humanObservation,103,1431
grid10km,1873,humanObservation,58,149
grid10km,1819,humanObservation,71,647
grid10km,1931,humanObservation,239,1613
grid10km,1916,humanObservation,103,391
grid10km,1834,humanObservation,56,194
grid10km,1910,humanObservation,130,2254
grid10km,1912,humanObservation,110,504
grid10km,1889,humanObservation,111,750
grid10km,1825,humanObservation,97,1699
grid10km,1824,humanObservation,77,358
grid10km,1826,humanObservation,86,941
grid10km,1828,humanObservation,69,407
grid10km,1840,humanObservation,92,1256
grid10km,1841,humanObservation,115,1105
grid10km,1886,humanObservation,90,525
grid10km,1902,humanObservation,78,365
grid10km,1818,humanObservation,92,1061
grid10km,1821,humanObservation,65,274
grid10km,1932,humanObservation,306,3605
grid10km,1906,humanObservation,98,866
grid10km,1847,humanObservation,103,794
grid10km,1907,humanObservation,113,966
grid10km,1871,humanObservation,62,152
grid10km,1903,humanObservation,100,707
grid10km,1909,humanObservation,96,598
grid10km,1865,humanObservation,42,94
grid10km,1849,humanObservation,80,247
grid10km,1861,humanObservation,47,239
grid10km,1858,humanObservation,56,386
grid10km,1915,humanObservation,127,598
grid10km,1883,humanObservation,89,376
grid10km,1942,humanObservation,185,1711
grid10km,1844,humanObservation,91,336
grid10km,1884,humanObservation,81,399
grid10km,1941,humanObservation,247,2628
grid10km,1845,humanObservation,103,343
grid10km,1904,humanObservation,102,1033
grid10km,1898,humanObservation,71,357
grid10km,1911,humanObservation,122,786
grid10km,1816,humanObservation,99,874
grid10km,1843,humanObservation,84,302
grid10km,1860,humanObservation,46,123
grid10km,1820,humanObservation,63,170
grid10km,1856,humanObservation,53,183
grid10km,1876,humanObservation,61,180
grid10km,1848,humanObservation,53,105
grid10km,1894,humanObservation,81,467
grid10km,1866,humanObservation,46,92
grid10km,1891,humanObservation,56,226
grid10km,1857,humanObservation,40,136
grid10km,1852,humanObservation,41,92
grid10km,1823,humanObservation,64,223
grid10km,1890,humanObservation,93,572
grid10km,1867,humanObservation,65,256
grid10km,1892,humanObservation,63,198
grid10km,1831,humanObservation,9,11
grid10km,1863,humanObservation,48,125
grid10km,1934,humanObservation,360,2582
grid10km,1822,humanObservation,28,38
grid10km,1918,humanObservation,118,528
grid10km,1855,humanObservation,41,64
grid10km,1864,humanObservation,59,207
grid10km,1859,humanObservation,22,38
grid10km,1833,humanObservation,66,222
grid10km,1862,humanObservation,43,154
grid10km,1815,humanObservation,80,602
grid10km,1877,humanObservation,62,328
grid10km,1829,humanObservation,89,675
grid10km,1810,humanObservation,27,49
grid10km,1800,humanObservation,33,135
grid10km,1835,humanObservation,78,557
grid10km,1836,humanObservation,52,212
grid10km,1896,humanObservation,63,174
grid10km,1846,humanObservation,87,291
grid10km,1881,humanObservation,66,265
grid10km,1895,humanObservation,58,204
grid10km,1868,humanObservation,57,152
grid10km,1878,humanObservation,82,313
grid10km,1897,humanObservation,59,179
grid10km,1893,humanObservation,79,496
grid10km,1882,humanObservation,60,153
grid10km,1914,humanObservation,131,454
grid10km,1850,humanObservation,72,153
grid10km,1832,humanObservation,14,21
grid10km,1853,humanObservation,31,52
grid10km,1838,humanObservation,30,56
grid10km,1851,humanObservation,52,105
grid10km,1879,humanObservation,73,314
grid10km,1790,humanObservation,34,73
grid10km,1870,humanObservation,64,159
grid10km,1875,humanObservation,64,190
grid10km,1742,humanObservation,5,9
grid10km,1779,humanObservation,2,2
grid10km,1774,humanObservation,28,51
grid10km,1837,humanObservation,35,64
grid10km,1791,humanObservation,4,5
grid10km,1830,humanObservation,49,99
grid10km,1812,humanObservation,17,25
grid10km,1839,humanObservation,31,50
grid10km,1872,humanObservation,52,108
grid10km,1756,humanObservation,1,1
grid10km,1869,humanObservation,54,103
grid10km,1773,humanObservation,9,12
grid10km,1854,humanObservation,19,30
grid10km,1827,humanObservation,35,46
grid10km,1798,humanObservation,3,3
grid10km,1745,humanObservation,17,29
grid10km,1646,humanObservation,1,1
grid10km,1703,humanObservation,1,1
grid10km,1813,humanObservation,17,23
grid10km,1749,humanObservation,5,5
grid10km,1764,humanObservation,2,3
grid10km,1777,humanObservation,1,1
grid10km,1741,humanObservation,13,17
grid10km,1788,humanObservation,1,1
grid10km,1759,humanObservation,1,1
grid10km,1787,humanObservation,2,2
grid10km,1783,humanObservation,5,6
grid10km,1709,humanObservation,1,1
grid10km,1760,humanObservation,1,1
grid10km,1782,humanObservation,6,6
grid10km,1797,humanObservation,1,1
grid10km,1771,humanObservation,2,2
grid10km,1694,humanObservation,1,1
grid10km,1775,humanObservation,1,1
grid10km,1700,humanObservation,1,1
grid10km,1732,humanObservation,2,3
grid10km,1681,humanObservation,1,1
grid10km,1780,humanObservation,4,5
grid10km,1808,humanObservation,1,1
grid10km,1698,humanObservation,1,1
grid10km,1739,humanObservation,1,1
grid10km,1804,humanObservation,2,3
grid10km,1746,humanObservation,2,2
grid10km,1805,humanObservation,2,2
grid10km,1763,humanObservation,1,1
grid10km,1697,humanObservation,1,1
grid10km,1670,humanObservation,1,1
grid10km,1801,humanObservation,1,1
grid10km,1809,humanObservation,1,1
grid10km,2019,all,3031,6707255
grid10km,2023,all,2126,7226918
grid10km,2013,all,1766,4307797
grid10km,2025,all,1866,7001677
grid10km,1999,all,1451,1016593
grid10km,2018,all,2010,4977430
grid10km,2015,all,2237,4406378
grid10km,2020,all,2478,6726795
grid10km,2024,all,2037,7465457
grid10km,2014,all,1953,4710746
grid10km,2017,all,2253,4866278
grid10km,2010,all,1728,3977273
grid10km,1992,all,1240,873287
grid10km,2000,all,1447,1196999
grid10km,1998,all,1471,1013034
grid10km,1990,all,1347,894391
grid10km,1994,all,1549,937647
grid10km,1995,all,1349,965940
grid10km,2022,all,2193,7160302
grid10km,2006,all,1701,2921769
grid10km,2016,all,2868,4684797
grid10km,2009,all,1793,3842816
grid10km,2012,all,1775,4299181
grid10km,1987,all,1228,597501
grid10km,1985,all,1193,590841
grid10km,1983,all,1102,435357
grid10km,2003,all,1640,1826142
grid10km,1991,all,1187,792697
grid10km,1997,all,1404,987474
grid10km,1900,all,511,11681
grid10km,1811,all,35,82
grid10km,1817,all,102,965
grid10km,1842,all,221,1622
grid10km,1901,all,391,10441
grid10km,1874,all,385,5196
grid10km,1899,all,425,8830
grid10km,1814,all,108,1461
grid10km,1873,all,323,5095
grid10km,1819,all,149,913
grid10km,1834,all,149,571
grid10km,1825,all,159,1880
grid10km,1824,all,105,419
grid10km,1826,all,115,1032
grid10km,1828,all,115,668
grid10km,1840,all,265,2757
grid10km,1841,all,232,1780
grid10km,1818,all,123,1254
grid10km,1821,all,125,711
grid10km,1847,all,204,1516
grid10km,1903,all,561,13244
grid10km,1865,all,412,4602
grid10km,1849,all,213,1213
grid10km,1861,all,306,3710
grid10km,1858,all,259,2539
grid10km,1844,all,188,909
grid10km,1845,all,214,1082
grid10km,1816,all,113,914
grid10km,1843,all,201,910
grid10km,1860,all,321,3753
grid10km,1820,all,117,418
grid10km,1856,all,307,2869
grid10km,1876,all,403,5540
grid10km,1848,all,168,879
grid10km,1866,all,342,4397
grid10km,1857,all,265,2582
grid10km,1852,all,290,1516
grid10km,1823,all,127,419
grid10km,1867,all,364,6016
grid10km,1831,all,101,277
grid10km,1863,all,373,4033
grid10km,1822,all,98,229
grid10km,1855,all,244,1866
grid10km,1864,all,332,4848
grid10km,1859,all,340,5580
grid10km,1833,all,157,501
grid10km,1862,all,335,3076
grid10km,1815,all,97,654
grid10km,1829,all,136,823
grid10km,1810,all,74,139
grid10km,1800,all,56,179
grid10km,1835,all,212,1253
grid10km,1836,all,190,1157
grid10km,1846,all,214,1169
grid10km,1868,all,336,4348
grid10km,1878,all,422,5980
grid10km,1850,all,261,1330
grid10km,1832,all,170,499
grid10km,1853,all,256,2311
grid10km,1838,all,152,460
grid10km,1851,all,228,1414
grid10km,1790,all,35,74
grid10km,1870,all,391,5081
grid10km,1875,all,379,6034
grid10km,1742,all,5,9
grid10km,1779,all,4,4
grid10km,1774,all,28,51
grid10km,1837,all,161,537
grid10km,1791,all,5,6
grid10km,1830,all,117,270
grid10km,1812,all,27,39
grid10km,1839,all,128,458
grid10km,1872,all,373,5439
grid10km,1756,all,1,1
grid10km,1869,all,379,4727
grid10km,1773,all,10,13
grid10km,1854,all,218,1315
grid10km,1798,all,4,5
grid10km,1745,all,17,29
grid10km,1646,all,1,1
grid10km,1703,all,1,1
grid10km,1813,all,30,44
grid10km,1749,all,5,5
grid10km,1764,all,2,3
grid10km,1777,all,1,1
grid10km,1741,all,13,17
grid10km,1788,all,1,1
grid10km,1759,all,1,1
grid10km,1787,all,2,2
grid10km,1783,all,5,6
grid10km,1709,all,1,1
grid10km,1760,all,1,1
grid10km,1782,all,6,6
grid10km,1797,all,4,4
grid10km,1771,all,3,3
grid10km,1694,all,1,1
grid10km,1775,all,1,1
grid10km,1700,all,1,1
grid10km,1732,all,2,3
grid10km,1681,all,1,1
grid10km,1780,all,4,5
grid10km,1808,all,17,21
grid10km,1698,all,1,1
grid10km,1739,all,1,1
grid10km,1804,all,16,27
grid10km,1746,all,2,2
grid10km,1805,all,6,8
grid10km,1763,all,1,1
grid10km,1697,all,1,1
grid10km,1670,all,1,1
grid10km,1801,all,17,23
grid10km,1809,all,62,151
grid10km,2001,livingSpecimen,5,130
grid10km,2000,livingSpecimen,6,150
grid10km,2013,livingSpecimen,22,59
grid10km,2018,livingSpecimen,6,9
grid10km,2003,livingSpecimen,4,29
grid10km,1997,livingSpecimen,2,3
grid10km,2008,livingSpecimen,13,25
grid10km,2009,livingSpecimen,18,43
grid10km,2004,livingSpecimen,8,69
grid10km,1979,livingSpecimen,3,230
grid10km,2011,livingSpecimen,11,25
grid10km,2016,livingSpecimen,6,100
grid10km,2012,livingSpecimen,9,47
grid10km,2015,livingSpecimen,3,6
grid10km,1966,livingSpecimen,1,3
grid10km,1968,livingSpecimen,1,1
grid10km,1971,livingSpecimen,1,1
grid10km,1967,livingSpecimen,1,1
grid10km,1964,livingSpecimen,1,1
grid10km,1963,livingSpecimen,2,4
grid10km,1952,livingSpecimen,1,4
grid10km,1953,livingSpecimen,1,6
grid10km,1954,livingSpecimen,1,1
grid10km,1961,livingSpecimen,2,5
grid10km,1965,livingSpecimen,1,8
grid10km,1975,livingSpecimen,2,2
grid10km,1986,livingSpecimen,1,1
grid10km,1993,livingSpecimen,1,1
grid10km,1998,livingSpecimen,2,30
grid10km,1951,livingSpecimen,1,1
grid10km,1955,livingSpecimen,1,1
grid10km,1958,livingSpecimen,1,1
grid10km,1962,livingSpecimen,1,1
grid10km,1978,livingSpecimen,1,1
grid10km,1990,livingSpecimen,1,1
grid10km,1989,livingSpecimen,1,1
grid10km,2017,livingSpecimen,5,7
grid10km,1999,livingSpecimen,3,14
grid10km,2010,livingSpecimen,20,52
grid10km,2007,livingSpecimen,6,141
grid10km,1991,livingSpecimen,2,3
grid10km,1969,livingSpecimen,1,7
grid10km,2019,livingSpecimen,2,3
grid10km,2021,livingSpecimen,2,5
grid10km,1983,livingSpecimen,2,73
grid10km,1981,livingSpecimen,2,40
grid10km,1980,livingSpecimen,2,189
grid10km,1985,livingSpecimen,1,34
grid10km,1982,livingSpecimen,3,55
grid10km,2002,livingSpecimen,6,48
grid10km,1987,livingSpecimen,2,13
grid10km,2005,livingSpecimen,5,153
grid10km,1950,livingSpecimen,1,1
grid10km,2014,livingSpecimen,2,2
grid10km,2006,livingSpecimen,2,2
grid10km,2020,livingSpecimen,1,3
grid10km,1972,livingSpecimen,1,1
grid10km,2018,machineObservation,37,2563
grid10km,2014,machineObservation,9,20
grid10km,2023,machineObservation,83,8757
grid10km,2024,machineObservation,81,1755
grid10km,2016,machineObservation,21,32506
grid10km,2025,machineObservation,26,116
grid10km,1997,machineObservation,12,407
grid10km,1999,machineObservation,12,781
grid10km,2000,machineObservation,11,442
grid10km,2001,machineObservation,11,271
grid10km,2004,machineObservation,11,169
grid10km,2005,machineObservation,12,141
grid10km,2009,machineObservation,20,182
grid10km,2015,machineObservation,21,1253
grid10km,2017,machineObservation,18,3021
grid10km,2019,machineObservation,30,1180
grid10km,2020,machineObservation,23,2950
grid10km,2021,machineObservation,27,2404
grid10km,2022,machineObservation,81,4965
grid10km,2006,machineObservation,10,67
grid10km,2002,machineObservation,9,92
grid10km,1967,machineObservation,1,7
grid10km,1965,machineObservation,1,7
grid10km,1966,machineObservation,2,2
grid10km,1963,machineObservation,1,1
grid10km,2013,machineObservation,3,218
grid10km,2012,machineObservation,4,526
grid10km,2010,machineObservation,2,724
grid10km,2011,machineObservation,3,901
grid10km,2007,machineObservation,1,1
grid10km,2011,materialCitation,6,9
grid10km,2014,materialCitation,14,39
grid10km,2005,materialCitation,8,20
grid10km,1969,materialCitation,1,8
grid10km,1946,materialCitation,2,3
grid10km,1972,materialCitation,1,1
grid10km,1936,materialCitation,1,2
grid10km,2013,materialCitation,4,31
grid10km,1935,materialCitation,2,4
grid10km,1942,materialCitation,2,4
grid10km,1904,materialCitation,1,1
grid10km,2017,materialCitation,10,85
grid10km,2004,materialCitation,7,19
grid10km,2015,materialCitation,7,17
grid10km,2006,materialCitation,8,14
grid10km,1939,materialCitation,3,6
grid10km,1944,materialCitation,4,5
grid10km,1917,materialCitation,1,1
grid10km,1964,materialCitation,2,3
grid10km,1937,materialCitation,1,2
grid10km,1954,materialCitation,3,6
grid10km,2016,materialCitation,16,74
grid10km,2003,materialCitation,7,18
grid10km,2018,materialCitation,10,33
grid10km,1965,materialCitation,1,2
grid10km,1973,materialCitation,3,4
grid10km,1974,materialCitation,2,9
grid10km,1975,materialCitation,2,5
grid10km,1907,materialCitation,1,1
grid10km,1941,materialCitation,3,4
grid10km,2007,materialCitation,7,17
grid10km,1966,materialCitation,1,2
grid10km,1997,materialCitation,2,6
grid10km,1933,materialCitation,5,5
grid10km,2009,materialCitation,5,7
grid10km,1996,materialCitation,2,5
grid10km,2012,materialCitation,7,11
grid10km,2019,materialCitation,7,23
grid10km,1977,materialCitation,2,4
grid10km,1938,materialCitation,2,3
grid10km,1980,materialCitation,1,2
grid10km,2008,materialCitation,4,6
grid10km,1991,materialCitation,3,7
grid10km,1992,materialCitation,2,4
grid10km,2000,materialCitation,3,4
grid10km,1994,materialCitation,4,5
grid10km,1971,materialCitation,1,8
grid10km,1990,materialCitation,2,3
grid10km,1976,materialCitation,1,1
grid10km,1947,materialCitation,3,3
grid10km,1956,materialCitation,1,1
grid10km,1961,materialCitation,2,2
grid10km,1903,materialCitation,1,1
grid10km,1949,materialCitation,1,1
grid10km,1955,materialCitation,2,2
grid10km,1945,materialCitation,2,4
grid10km,1952,materialCitation,3,4
grid10km,1950,materialCitation,1,1
grid10km,1985,materialCitation,1,1
grid10km,2001,materialCitation,3,4
grid10km,2002,materialCitation,3,4
grid10km,2021,materialCitation,2,2
grid10km,1989,materialCitation,1,3
grid10km,1951,materialCitation,5,8
grid10km,1993,materialCitation,2,4
grid10km,1995,materialCitation,1,2
grid10km,1998,materialCitation,2,3
grid10km,1999,materialCitation,2,3
grid10km,2010,materialCitation,1,2
grid10km,1958,materialCitation,1,3
grid10km,1849,materialCitation,1,1
grid10km,1960,materialCitation,1,1
grid10km,1928,materialCitation,2,3
grid10km,1911,materialCitation,1,1
grid10km,1931,materialCitation,1,2
grid10km,1902,materialCitation,1,1
grid10km,1887,materialCitation,1,1
grid10km,1930,materialCitation,1,4
grid10km,1919,materialCitation,1,1
grid10km,1918,materialCitation,1,1
grid10km,1929,materialCitation,1,1
grid10km,1925,materialCitation,1,1
grid10km,1940,materialCitation,1,2
grid10km,1932,materialCitation,1,5
grid10km,1934,materialCitation,1,1
grid10km,1922,materialCitation,1,1
grid10km,1943,materialCitation,1,1
grid10km,2020,materialCitation,1,1
grid10km,1926,materialCitation,1,2
grid10km,1968,materialCitation,1,1
grid10km,1927,materialCitation,1,1
grid10km,1962,materialCitation,1,1
grid10km,1914,materialCitation,1,1
grid10km,1967,materialCitation,1,1
grid10km,2020,materialSample,951,62024
grid10km,2019,materialSample,2105,1214588
grid10km,2011,materialSample,482,60826
grid10km,2017,materialSample,837,55179
grid10km,2021,materialSample,737,79388
grid10km,1997,materialSample,195,11393
grid10km,2013,materialSample,522,61314
grid10km,1905,materialSample,60,476
grid10km,2024,materialSample,322,16965
grid10km,2018,materialSample,588,52095
grid10km,2006,materialSample,337,33090
grid10km,2010,materialSample,470,62761
grid10km,2012,materialSample,478,60949
grid10km,2009,materialSample,614,61590
grid10km,2004,materialSample,277,22745
grid10km,2015,materialSample,875,60789
grid10km,2016,materialSample,1569,108479
grid10km,1998,materialSample,187,11665
grid10km,2022,materialSample,573,70032
grid10km,2008,materialSample,448,60347
grid10km,2014,materialSample,664,98648
grid10km,2003,materialSample,335,20335
grid10km,2007,materialSample,457,40209
grid10km,2000,materialSample,282,30180
grid10km,2002,materialSample,230,15255
grid10km,2023,materialSample,458,38710
grid10km,1999,materialSample,182,12925
grid10km,1996,materialSample,179,10975
grid10km,2005,materialSample,294,20146
grid10km,1992,materialSample,113,5297
grid10km,1987,materialSample,76,2155
grid10km,1993,materialSample,169,11990
grid10km,2001,materialSample,278,17313
grid10km,1988,materialSample,80,1933
grid10km,1903,materialSample,49,801
grid10km,1906,materialSample,34,472
grid10km,1994,materialSample,178,13290
grid10km,1995,materialSample,172,13662
grid10km,1984,materialSample,74,1251
grid10km,1991,materialSample,86,5051
grid10km,1904,materialSample,39,454
grid10km,1907,materialSample,42,405
grid10km,1966,materialSample,14,31
grid10km,1973,materialSample,13,577
grid10km,1986,materialSample,67,2046
grid10km,1910,materialSample,50,990
grid10km,1902,materialSample,42,362
grid10km,1980,materialSample,40,408
grid10km,1983,materialSample,49,906
grid10km,1981,materialSample,38,249
grid10km,1989,materialSample,67,2197
grid10km,1958,materialSample,3,4
grid10km,1990,materialSample,81,3977
grid10km,1959,materialSample,1,1
grid10km,2025,materialSample,17,249
grid10km,1898,materialSample,1,1
grid10km,1879,materialSample,1,1
grid10km,1956,materialSample,3,4
grid10km,1985,materialSample,63,1144
grid10km,1979,materialSample,40,426
grid10km,1912,materialSample,21,135
grid10km,1969,materialSample,6,8
grid10km,1894,materialSample,1,3
grid10km,1877,materialSample,1,2
grid10km,1950,materialSample,9,12
grid10km,1952,materialSample,3,5
grid10km,1982,materialSample,42,257
grid10km,1972,materialSample,15,469
grid10km,1947,materialSample,12,20
grid10km,1911,materialSample,21,65
grid10km,1951,materialSample,6,10
grid10km,1940,materialSample,4,6
grid10km,1955,materialSample,3,3
grid10km,1943,materialSample,6,7
grid10km,1975,materialSample,5,7
grid10km,1941,materialSample,3,4
grid10km,1945,materialSample,4,9
grid10km,1881,materialSample,2,2
grid10km,1936,materialSample,3,4
grid10km,1967,materialSample,11,16
grid10km,1962,materialSample,5,5
grid10km,1900,materialSample,1,1
grid10km,1948,materialSample,7,8
grid10km,1971,materialSample,4,12
grid10km,1976,materialSample,7,12
grid10km,1965,materialSample,6,6
grid10km,1942,materialSample,5,6
grid10km,1908,materialSample,8,19
grid10km,1865,materialSample,1,1
grid10km,1891,materialSample,1,2
grid10km,1909,materialSample,14,29
grid10km,1897,materialSample,2,5
grid10km,1974,materialSample,6,8
grid10km,1935,materialSample,2,2
grid10km,1953,materialSample,3,3
grid10km,1931,materialSample,3,5
grid10km,1960,materialSample,3,8
grid10km,1968,materialSample,7,7
grid10km,1926,materialSample,4,5
grid10km,1978,materialSample,6,13
grid10km,1949,materialSample,6,8
grid10km,1929,materialSample,4,5
grid10km,1938,materialSample,5,17
grid10km,1937,materialSample,2,2
grid10km,1916,materialSample,1,1
grid10km,1977,materialSample,14,153
grid10km,1895,materialSample,1,1
grid10km,1925,materialSample,3,3
grid10km,1944,materialSample,1,1
grid10km,1957,materialSample,3,3
grid10km,1970,materialSample,1,2
grid10km,1882,materialSample,1,1
grid10km,1927,materialSample,3,4
grid10km,1913,materialSample,1,1
grid10km,1876,materialSample,1,2
grid10km,1933,materialSample,1,1
grid10km,1961,materialSample,2,2
grid10km,1946,materialSample,5,8
grid10km,1964,materialSample,2,2
grid10km,1954,materialSample,3,4
grid10km,1921,materialSample,1,1
grid10km,1892,materialSample,1,4
grid10km,1922,materialSample,1,1
grid10km,1992,observation,47,165
grid10km,1995,observation,88,1396
grid10km,2001,observation,44,228
grid10km,1982,observation,5,12
grid10km,1986,observation,6,8
grid10km,1975,observation,2,2
grid10km,2013,observation,1,1
grid10km,1987,observation,2,2
grid10km,1971,observation,1,10
grid10km,1994,observation,22,54
grid10km,2002,occurrence,27,215
grid10km,2003,occurrence,27,228
grid10km,1926,occurrence,21,111
grid10km,1947,occurrence,9,581
grid10km,1914,occurrence,9,31
grid10km,1932,occurrence,10,65
grid10km,1935,occurrence,6,46
grid10km,1944,occurrence,8,145
grid10km,1939,occurrence,5,12
grid10km,1924,occurrence,9,53
grid10km,1927,occurrence,25,175
grid10km,1840,occurrence,4,11
grid10km,1936,occurrence,7,33
grid10km,1942,occurrence,7,19
grid10km,1948,occurrence,7,233
grid10km,1925,occurrence,9,114
grid10km,1928,occurrence,19,152
grid10km,1946,occurrence,12,191
grid10km,1907,occurrence,12,69
grid10km,1931,occurrence,19,84
grid10km,1921,occurrence,8,42
grid10km,1923,occurrence,8,67
grid10km,1940,occurrence,7,12
grid10km,1909,occurrence,13,47
grid10km,1945,occurrence,8,101
grid10km,1929,occurrence,7,60
grid10km,1930,occurrence,18,64
grid10km,1933,occurrence,8,43
grid10km,1949,occurrence,10,109
grid10km,1915,occurrence,6,16
grid10km,1912,occurrence,13,17
grid10km,1900,occurrence,23,40
grid10km,1910,occurrence,17,22
grid10km,1919,occurrence,5,10
grid10km,1941,occurrence,7,26
grid10km,1943,occurrence,7,37
grid10km,1934,occurrence,7,27
grid10km,1938,occurrence,7,14
grid10km,1911,occurrence,17,28
grid10km,1908,occurrence,9,13
grid10km,1903,occurrence,19,66
grid10km,1917,occurrence,8,17
grid10km,1916,occurrence,8,24
grid10km,1906,occurrence,12,27
grid10km,1920,occurrence,7,11
grid10km,1922,occurrence,7,20
grid10km,1832,occurrence,6,10
grid10km,2008,occurrence,4,8
grid10km,1972,occurrence,7,7
grid10km,1887,occurrence,6,9
grid10km,1973,occurrence,15,23
grid10km,1889,occurrence,32,46
grid10km,2016,occurrence,22,35
grid10km,2004,occurrence,4,10
grid10km,1895,occurrence,9,13
grid10km,1883,occurrence,9,12
grid10km,1892,occurrence,13,16
grid10km,1905,occurrence,14,19
grid10km,1913,occurrence,10,24
grid10km,1898,occurrence,15,45
grid10km,1896,occurrence,22,49
grid10km,1897,occurrence,18,49
grid10km,1902,occurrence,15,30
grid10km,2013,occurrence,29,175
grid10km,2014,occurrence,29,215
grid10km,2015,occurrence,34,222
grid10km,1894,occurrence,8,9
grid10km,1960,occurrence,3,3
grid10km,1983,occurrence,3,4
grid10km,1995,occurrence,4,7
grid10km,2011,occurrence,7,48
grid10km,1976,occurrence,3,6
grid10km,2005,occurrence,14,289
grid10km,2006,occurrence,2,26
grid10km,1989,occurrence,3,4
grid10km,1994,occurrence,7,58
grid10km,1968,occurrence,3,5
grid10km,1971,occurrence,6,10
grid10km,2000,occurrence,7,34
grid10km,1980,occurrence,6,10
grid10km,1918,occurrence,8,11
grid10km,1937,occurrence,5,10
grid10km,1821,occurrence,5,10
grid10km,1817,occurrence,1,1
grid10km,1904,occurrence,7,11
grid10km,1899,occurrence,21,22
grid10km,2012,occurrence,2,12
grid10km,1974,occurrence,8,10
grid10km,1952,occurrence,8,8
grid10km,1977,occurrence,2,3
grid10km,2010,occurrence,3,13
grid10km,2024,occurrence,6,11
grid10km,1956,occurrence,4,5
grid10km,2009,occurrence,3,41
grid10km,2017,occurrence,1,4
grid10km,2018,occurrence,1,8
grid10km,2007,occurrence,1,3
grid10km,2021,occurrence,3,9
grid10km,2023,occurrence,2,3
grid10km,1958,occurrence,2,4
grid10km,1969,occurrence,3,3
grid10km,1970,occurrence,4,4
grid10km,1953,occurrence,3,3
grid10km,1880,occurrence,1,1
grid10km,1967,occurrence,1,2
grid10km,1999,occurrence,2,3
grid10km,1964,occurrence,2,4
grid10km,1963,occurrence,1,1
grid10km,1882,occurrence,5,11
grid10km,1979,occurrence,2,10
grid10km,1890,occurrence,15,17
grid10km,1891,occurrence,10,17
grid10km,1901,occurrence,16,33
grid10km,1881,occurrence,3,4
grid10km,1975,occurrence,1,1
grid10km,1984,occurrence,3,6
grid10km,1986,occurrence,3,5
grid10km,1884,occurrence,8,11
grid10km,1885,occurrence,6,8
grid10km,1893,occurrence,3,7
grid10km,1981,occurrence,5,15
grid10km,1985,occurrence,4,6
grid10km,1978,occurrence,2,7
grid10km,1996,occurrence,2,4
grid10km,1955,occurrence,3,5
grid10km,1888,occurrence,4,4
grid10km,1886,occurrence,3,5
grid10km,2001,occurrence,3,11
grid10km,1987,occurrence,2,3
grid10km,1954,occurrence,2,3
grid10km,1807,occurrence,1,1
grid10km,1870,occurrence,1,1
grid10km,1871,occurrence,1,2
grid10km,1869,occurrence,1,1
grid10km,1865,occurrence,2,3
grid10km,1858,occurrence,1,1
grid10km,1957,occurrence,1,3
grid10km,1993,occurrence,1,1
grid10km,1878,occurrence,1,2
grid10km,1862,occurrence,1,1
grid10km,1863,occurrence,1,2
grid10km,1959,occurrence,1,3
grid10km,1951,occurrence,1,1
grid10km,1997,occurrence,1,3
grid10km,1861,occurrence,1,1
grid10km,1982,occurrence,1,4
grid10km,1860,occurrence,1,1
grid10km,1877,occurrence,1,1
grid10km,1961,occurrence,1,5
grid10km,1988,occurrence,1,1
grid10km,1950,occurrence,1,1
grid10km,1842,occurrence,1,6
grid10km,1867,occurrence,1,1
grid10km,1872,occurrence,1,3
grid10km,1876,occurrence,1,1
grid10km,1849,occurrence,1,1
grid10km,1843,occurrence,1,2
grid10km,1868,occurrence,1,1
grid10km,1990,occurrence,6,22
grid10km,1873,occurrence,1,1
grid10km,2022,occurrence,1,5
grid10km,2025,occurrence,1,6
grid10km,1998,occurrence,1,15
grid10km,1807,all,32,54
grid10km,1937,preservedSpecimen,942,23545
grid10km,2016,preservedSpecimen,1023,31154
grid10km,1987,preservedSpecimen,981,24690
grid10km,1934,preservedSpecimen,1089,28447
grid10km,1975,preservedSpecimen,1034,28736
grid10km,1923,preservedSpecimen,653,20917
grid10km,1950,preservedSpecimen,893,27233
grid10km,1977,preservedSpecimen,987,27008
grid10km,1907,preservedSpecimen,497,12995
grid10km,1868,preservedSpecimen,328,4195
grid10km,1947,preservedSpecimen,923,25971
grid10km,1948,preservedSpecimen,910,28854
grid10km,1881,preservedSpecimen,446,8852
grid10km,1940,preservedSpecimen,690,15787
grid10km,1944,preservedSpecimen,856,26335
grid10km,1954,preservedSpecimen,804,34953
grid10km,1991,preservedSpecimen,940,32848
grid10km,1995,preservedSpecimen,1015,34114
grid10km,1878,preservedSpecimen,416,5665
grid10km,2003,preservedSpecimen,1264,48416
grid10km,1972,preservedSpecimen,967,36902
grid10km,2011,preservedSpecimen,1166,44020
grid10km,1986,preservedSpecimen,1030,24523
grid10km,1996,preservedSpecimen,1013,40941
grid10km,2007,preservedSpecimen,1284,49785
grid10km,1992,preservedSpecimen,960,35072
grid10km,2005,preservedSpecimen,1161,47526
grid10km,2021,preservedSpecimen,963,29082
grid10km,2025,preservedSpecimen,819,12131
grid10km,1970,preservedSpecimen,916,28648
grid10km,1989,preservedSpecimen,978,28689
grid10km,2014,preservedSpecimen,1080,41416
grid10km,2002,preservedSpecimen,1050,34470
grid10km,1964,preservedSpecimen,952,29983
grid10km,1985,preservedSpecimen,1004,25919
grid10km,2004,preservedSpecimen,1213,50539
grid10km,1968,preservedSpecimen,903,29350
grid10km,2018,preservedSpecimen,988,26784
grid10km,2012,preservedSpecimen,1131,39112
grid10km,1949,preservedSpecimen,881,29375
grid10km,1984,preservedSpecimen,1070,30824
grid10km,1884,preservedSpecimen,486,11843
grid10km,1887,preservedSpecimen,615,12842
grid10km,1903,preservedSpecimen,499,11669
grid10km,1891,preservedSpecimen,469,10329
grid10km,1998,preservedSpecimen,1110,38784
grid10km,1945,preservedSpecimen,922,25937
grid10km,1874,preservedSpecimen,370,5042
grid10km,1911,preservedSpecimen,590,15032
grid10km,1886,preservedSpecimen,494,12217
grid10km,1979,preservedSpecimen,951,24798
grid10km,1919,preservedSpecimen,661,18917
grid10km,1962,preservedSpecimen,865,23000
grid10km,2024,preservedSpecimen,1024,22904
grid10km,2013,preservedSpecimen,1097,33756
grid10km,2017,preservedSpecimen,1022,33652
grid10km,1997,preservedSpecimen,1042,39123
grid10km,1967,preservedSpecimen,1020,28508
grid10km,2006,preservedSpecimen,1227,42412
grid10km,1978,preservedSpecimen,980,27443
grid10km,1965,preservedSpecimen,957,27955
grid10km,1960,preservedSpecimen,894,23941
grid10km,2019,preservedSpecimen,1071,27026
grid10km,1971,preservedSpecimen,905,32658
grid10km,2009,preservedSpecimen,1134,38005
grid10km,2000,preservedSpecimen,1059,35845
grid10km,1966,preservedSpecimen,900,26206
grid10km,1942,preservedSpecimen,804,23718
grid10km,2023,preservedSpecimen,1085,28187
grid10km,1980,preservedSpecimen,985,32047
grid10km,1969,preservedSpecimen,885,33061
grid10km,1994,preservedSpecimen,1012,35871
grid10km,1876,preservedSpecimen,384,5357
grid10km,1999,preservedSpecimen,1077,35075
grid10km,1974,preservedSpecimen,1015,26681
grid10km,2015,preservedSpecimen,1108,32687
grid10km,1952,preservedSpecimen,816,32294
grid10km,2010,preservedSpecimen,1154,35709
grid10km,2022,preservedSpecimen,1083,36575
grid10km,1957,preservedSpecimen,780,25060
grid10km,1927,preservedSpecimen,1023,28504
grid10km,2001,preservedSpecimen,1070,31753
grid10km,1983,preservedSpecimen,922,26726
grid10km,1973,preservedSpecimen,967,30271
grid10km,2008,preservedSpecimen,1258,57059
grid10km,1982,preservedSpecimen,898,23563
grid10km,1961,preservedSpecimen,949,25854
grid10km,1990,preservedSpecimen,1051,31914
grid10km,1921,preservedSpecimen,698,16600
grid10km,1896,preservedSpecimen,546,8905
grid10km,2020,preservedSpecimen,970,34426
grid10km,1883,preservedSpecimen,467,10064
grid10km,1976,preservedSpecimen,977,24867
grid10km,1956,preservedSpecimen,819,27127
grid10km,1988,preservedSpecimen,1005,31186
grid10km,1866,preservedSpecimen,338,4305
grid10km,1920,preservedSpecimen,559,16055
grid10km,1935,preservedSpecimen,1005,25845
grid10km,1938,preservedSpecimen,899,28097
grid10km,1885,preservedSpecimen,541,12852
grid10km,1963,preservedSpecimen,944,33305
grid10km,1959,preservedSpecimen,848,22590
grid10km,1900,preservedSpecimen,472,11113
grid10km,1863,preservedSpecimen,364,3906
grid10km,1928,preservedSpecimen,920,26347
grid10km,1951,preservedSpecimen,868,23216
grid10km,1930,preservedSpecimen,871,21592
grid10km,1939,preservedSpecimen,822,23119
grid10km,1953,preservedSpecimen,822,27077
grid10km,1946,preservedSpecimen,1030,25015
grid10km,1993,preservedSpecimen,1070,39872
grid10km,1922,preservedSpecimen,824,23476
grid10km,1875,preservedSpecimen,360,5844
grid10km,1981,preservedSpecimen,957,31446
grid10km,1860,preservedSpecimen,309,3629
grid10km,1865,preservedSpecimen,400,4504
grid10km,1835,preservedSpecimen,182,696
grid10km,1931,preservedSpecimen,866,19201
grid10km,1846,preservedSpecimen,183,878
grid10km,1933,preservedSpecimen,882,18501
grid10km,1936,preservedSpecimen,836,18249
grid10km,1955,preservedSpecimen,779,27295
grid10km,1915,preservedSpecimen,687,18963
grid10km,1892,preservedSpecimen,552,11998
grid10km,1929,preservedSpecimen,886,21673
grid10km,1867,preservedSpecimen,355,5759
grid10km,1932,preservedSpecimen,910,25377
grid10km,1916,preservedSpecimen,617,20117
grid10km,1943,preservedSpecimen,862,25880
grid10km,1890,preservedSpecimen,558,12132
grid10km,1924,preservedSpecimen,712,20505
grid10km,1877,preservedSpecimen,424,6255
grid10km,1958,preservedSpecimen,786,18444
grid10km,1941,preservedSpecimen,803,19321
grid10km,1917,preservedSpecimen,584,18856
grid10km,1901,preservedSpecimen,386,10185
grid10km,1918,preservedSpecimen,609,19488
grid10km,1908,preservedSpecimen,519,12900
grid10km,1888,preservedSpecimen,542,11601
grid10km,1879,preservedSpecimen,407,6237
grid10km,1926,preservedSpecimen,904,29270
grid10km,1912,preservedSpecimen,610,17363
grid10km,1859,preservedSpecimen,334,5542
grid10km,1856,preservedSpecimen,293,2686
grid10km,1913,preservedSpecimen,580,19524
grid10km,1906,preservedSpecimen,484,12979
grid10km,1925,preservedSpecimen,923,25093
grid10km,1902,preservedSpecimen,485,12977
grid10km,1910,preservedSpecimen,609,14626
grid10km,1869,preservedSpecimen,370,4623
grid10km,1904,preservedSpecimen,489,11875
grid10km,1862,preservedSpecimen,320,2921
grid10km,1882,preservedSpecimen,441,10838
grid10km,1898,preservedSpecimen,492,11898
grid10km,1830,preservedSpecimen,81,171
grid10km,1894,preservedSpecimen,481,10587
grid10km,1909,preservedSpecimen,603,14187
grid10km,1914,preservedSpecimen,589,18340
grid10km,1842,preservedSpecimen,188,1021
grid10km,1895,preservedSpecimen,561,10176
grid10km,1880,preservedSpecimen,383,7166
grid10km,1893,preservedSpecimen,456,10791
grid10km,1899,preservedSpecimen,413,8636
grid10km,1889,preservedSpecimen,569,12323
grid10km,1844,preservedSpecimen,153,573
grid10km,1861,preservedSpecimen,299,3470
grid10km,1864,preservedSpecimen,321,4641
grid10km,1814,preservedSpecimen,17,30
grid10km,1839,preservedSpecimen,117,408
grid10km,1823,preservedSpecimen,86,196
grid10km,1836,preservedSpecimen,171,945
grid10km,1873,preservedSpecimen,306,4945
grid10km,1870,preservedSpecimen,382,4921
grid10km,1905,preservedSpecimen,567,13603
grid10km,1897,preservedSpecimen,533,10491
grid10km,1855,preservedSpecimen,226,1802
grid10km,1837,preservedSpecimen,145,473
grid10km,1872,preservedSpecimen,357,5328
grid10km,1853,preservedSpecimen,241,2259
grid10km,1851,preservedSpecimen,199,1309
grid10km,1857,preservedSpecimen,259,2446
grid10km,1871,preservedSpecimen,390,4212
grid10km,1838,preservedSpecimen,131,404
grid10km,1809,preservedSpecimen,61,150
grid10km,1843,preservedSpecimen,165,606
grid10km,1849,preservedSpecimen,176,964
grid10km,1807,preservedSpecimen,31,53
grid10km,1825,preservedSpecimen,88,181
grid10km,1821,preservedSpecimen,95,427
grid10km,1834,preservedSpecimen,123,377
grid10km,1847,preservedSpecimen,169,722
grid10km,1852,preservedSpecimen,274,1424
grid10km,1848,preservedSpecimen,143,774
grid10km,1841,preservedSpecimen,178,675
grid10km,1850,preservedSpecimen,223,1177
grid10km,1832,preservedSpecimen,158,468
grid10km,1840,preservedSpecimen,230,1490
grid10km,1828,preservedSpecimen,80,261
grid10km,1858,preservedSpecimen,252,2152
grid10km,1826,preservedSpecimen,50,91
grid10km,1854,preservedSpecimen,208,1285
grid10km,1833,preservedSpecimen,116,279
grid10km,1845,preservedSpecimen,165,739
grid10km,1816,preservedSpecimen,27,40
grid10km,1822,preservedSpecimen,77,191
grid10km,1810,preservedSpecimen,54,90
grid10km,1820,preservedSpecimen,82,248
grid10km,1827,preservedSpecimen,55,104
grid10km,1829,preservedSpecimen,78,148
grid10km,1831,preservedSpecimen,94,266
grid10km,1818,preservedSpecimen,67,193
grid10km,1819,preservedSpecimen,111,266
grid10km,1811,preservedSpecimen,10,13
grid10km,1801,preservedSpecimen,17,22
grid10km,1800,preservedSpecimen,28,44
grid10km,1813,preservedSpecimen,15,21
grid10km,1803,preservedSpecimen,11,15
grid10km,1806,preservedSpecimen,24,39
grid10km,1817,preservedSpecimen,30,60
grid10km,1729,preservedSpecimen,2,3
grid10km,1815,preservedSpecimen,34,52
grid10km,1808,preservedSpecimen,16,20
grid10km,1804,preservedSpecimen,15,24
grid10km,1799,preservedSpecimen,2,2
grid10km,1797,preservedSpecimen,3,3
grid10km,1812,preservedSpecimen,12,14
grid10km,1824,preservedSpecimen,40,61
grid10km,1793,preservedSpecimen,1,1
grid10km,1802,preservedSpecimen,14,17
grid10km,1805,preservedSpecimen,4,6
grid10km,1778,preservedSpecimen,1,2
grid10km,1794,preservedSpecimen,1,1
grid10km,1779,preservedSpecimen,2,2
grid10km,1798,preservedSpecimen,2,2
grid10km,1772,preservedSpecimen,1,1
grid10km,1773,preservedSpecimen,1,1
grid10km,1758,preservedSpecimen,1,1
grid10km,1790,preservedSpecimen,1,1
grid10km,1785,preservedSpecimen,1,1
grid10km,1755,preservedSpecimen,1,1
grid10km,1771,preservedSpecimen,1,1
grid10km,1791,preservedSpecimen,1,1
grid10km,1719,preservedSpecimen,1,1
grid10km,1803,all,11,15
grid10km,1806,all,24,39
grid10km,1729,all,2,3
grid10km,1799,all,2,2
grid10km,1793,all,1,1
grid10km,1802,all,14,17
grid10km,1778,all,1,2
grid10km,1794,all,1,1
grid10km,1772,all,1,1
grid10km,1758,all,1,1
grid10km,1785,all,1,1
grid10km,1755,all,1,1
grid10km,1719,all,1,1
